ID,Received At,Severity,Category,Plate Number,Camera ID,Camera Code,Camera Name,District,Watchlist Hit,Status,Title,Notes
anpr-ingest-2c2c2c5f,2026-09-01 13:26:26.267960+00:00,INFO,ANPR_DETECTION,GJ1CA7551,6,,,Ahmedabad,False,NEW,📷 ANPR Detection: GJ1CA7551,"Detected at Ahmedabad S.G. Highway Gate-6 (23.0225, 72.5714). Watchlist Hit: False"
anpr-ingest-e8acc2fc,2026-09-01 13:26:23.790548+00:00,INFO,ANPR_DETECTION,GJ11C1739,6,,,Ahmedabad,False,NEW,📷 ANPR Detection: GJ11C1739,"Detected at Ahmedabad S.G. Highway Gate-6 (23.0225, 72.5714). Watchlist Hit: False"
anpr-ingest-711dbac2,2026-09-01 13:26:23.783984+00:00,INFO,ANPR_DETECTION,GJ1UCD759,6,,,Ahmedabad,False,NEW,📷 ANPR Detection: GJ1UCD759,"Detected at Ahmedabad S.G. Highway Gate-6 (23.0225, 72.5714). Watchlist Hit: False"
anpr-ingest-ecc6e61b,2026-09-01 13:26:23.593289+00:00,INFO,ANPR_DETECTION,GJ11CD739,6,,,Ahmedabad,False,NEW,📷 ANPR Detection: GJ11CD739,"Detected at Ahmedabad S.G. Highway Gate-6 (23.0225, 72.5714). Watchlist Hit: False"
anpr-ingest-29523593,2026-09-01 13:26:23.524054+00:00,INFO,ANPR_DETECTION,GJ18GB3408,6,,,Ahmedabad,False,NEW,📷 ANPR Detection: GJ18GB3408,"Detected at Ahmedabad S.G. Highway Gate-6 (23.0225, 72.5714). Watchlist Hit: False"
anpr-ingest-97c8b7da,2026-09-01 13:26:23.446872+00:00,INFO,ANPR_DETECTION,GJ18GB3400,6,,,Ahmedabad,False,NEW,📷 ANPR Detection: GJ18GB3400,"Detected at Ahmedabad S.G. Highway Gate-6 (23.0225, 72.5714). Watchlist Hit: False"
anpr-ingest-20559c1d,2026-09-01 13:26:23.297885+00:00,INFO,ANPR_DETECTION,GJ11C179,6,,,Ahmedabad,False,NEW,📷 ANPR Detection: GJ11C179,"Detected at Ahmedabad S.G. Highway Gate-6 (23.0225, 72.5714). Watchlist Hit: False"
anpr-ingest-fa4efe3f,2026-09-01 13:26:23.222748+00:00,INFO,ANPR_DETECTION,GJ1GB3408,6,,,Ahmedabad,False,NEW,📷 ANPR Detection: GJ1GB3408,"Detected at Ahmedabad S.G. Highway Gate-6 (23.0225, 72.5714). Watchlist Hit: False"
anpr-ingest-b4d05f5c,2026-09-01 13:26:20.551975+00:00,INFO,ANPR_DETECTION,GJ11CA7,6,,,Ahmedabad,False,NEW,📷 ANPR Detection: GJ11CA7,"Detected at Ahmedabad S.G. Highway Gate-6 (23.0225, 72.5714). Watchlist Hit: False"
anpr-ingest-c265b8c7,2026-09-01 13:26:20.445169+00:00,INFO,ANPR_DETECTION,GJ11GA7,6,,,Ahmedabad,False,NEW,📷 ANPR Detection: GJ11GA7,"Detected at Ahmedabad S.G. Highway Gate-6 (23.0225, 72.5714). Watchlist Hit: False"
anpr-ingest-da7e624b,2026-09-01 13:26:20.356955+00:00,INFO,ANPR_DETECTION,GJ11GA731,6,,,Ahmedabad,False,NEW,📷 ANPR Detection: GJ11GA731,"Detected at Ahmedabad S.G. Highway Gate-6 (23.0225, 72.5714). Watchlist Hit: False"
anpr-ingest-e6a30df5,2026-09-01 13:26:20.231083+00:00,INFO,ANPR_DETECTION,GJ11CA7391,6,,,Ahmedabad,False,NEW,📷 ANPR Detection: GJ11CA7391,"Detected at Ahmedabad S.G. Highway Gate-6 (23.0225, 72.5714). Watchlist Hit: False"
anpr-ingest-8daf9d63,2026-09-01 13:26:19.745139+00:00,INFO,ANPR_DETECTION,GJ1GD7992,6,,,Ahmedabad,False,NEW,📷 ANPR Detection: GJ1GD7992,"Detected at Ahmedabad S.G. Highway Gate-6 (23.0225, 72.5714). Watchlist Hit: False"
anpr-ingest-1ca8485f,2026-09-01 13:26:19.119933+00:00,INFO,ANPR_DETECTION,GJ18GB7881,6,,,Ahmedabad,False,NEW,📷 ANPR Detection: GJ18GB7881,"Detected at Ahmedabad S.G. Highway Gate-6 (23.0225, 72.5714). Watchlist Hit: False"
anpr-ingest-aadbf04d,2026-09-01 13:26:18.931752+00:00,INFO,ANPR_DETECTION,GJ18GB7887,6,,,Ahmedabad,False,NEW,📷 ANPR Detection: GJ18GB7887,"Detected at Ahmedabad S.G. Highway Gate-6 (23.0225, 72.5714). Watchlist Hit: False"
anpr-ingest-0ea9dc83,2026-09-01 13:26:18.801105+00:00,INFO,ANPR_DETECTION,GJ18G8788,6,,,Ahmedabad,False,NEW,📷 ANPR Detection: GJ18G8788,"Detected at Ahmedabad S.G. Highway Gate-6 (23.0225, 72.5714). Watchlist Hit: False"
anpr-ingest-3f6f01f2,2026-09-01 13:26:17.876079+00:00,INFO,ANPR_DETECTION,GJ1BGB7981,6,,,Ahmedabad,False,NEW,📷 ANPR Detection: GJ1BGB7981,"Detected at Ahmedabad S.G. Highway Gate-6 (23.0225, 72.5714). Watchlist Hit: False"
anpr-ingest-cb1bf8e0,2026-09-01 13:26:17.875220+00:00,INFO,ANPR_DETECTION,GJ11C17,6,,,Ahmedabad,False,NEW,📷 ANPR Detection: GJ11C17,"Detected at Ahmedabad S.G. Highway Gate-6 (23.0225, 72.5714). Watchlist Hit: False"
anpr-ingest-705bac27,2026-09-01 13:26:17.816760+00:00,INFO,ANPR_DETECTION,GJ18GB7981,6,,,Ahmedabad,False,NEW,📷 ANPR Detection: GJ18GB7981,"Detected at Ahmedabad S.G. Highway Gate-6 (23.0225, 72.5714). Watchlist Hit: False"
anpr-ingest-6865c41d,2026-09-01 13:26:17.668638+00:00,INFO,ANPR_DETECTION,GJ11C73,6,,,Ahmedabad,False,NEW,📷 ANPR Detection: GJ11C73,"Detected at Ahmedabad S.G. Highway Gate-6 (23.0225, 72.5714). Watchlist Hit: False"
anpr-ingest-2948172c,2026-09-01 13:26:17.478698+00:00,INFO,ANPR_DETECTION,GJ11C071,6,,,Ahmedabad,False,NEW,📷 ANPR Detection: GJ11C071,"Detected at Ahmedabad S.G. Highway Gate-6 (23.0225, 72.5714). Watchlist Hit: False"
anpr-ingest-c96f60af,2026-09-01 13:26:17.472142+00:00,INFO,ANPR_DETECTION,GJ1BGB7881,6,,,Ahmedabad,False,NEW,📷 ANPR Detection: GJ1BGB7881,"Detected at Ahmedabad S.G. Highway Gate-6 (23.0225, 72.5714). Watchlist Hit: False"
anpr-ingest-73b34ffd,2026-09-01 13:26:17.364800+00:00,INFO,ANPR_DETECTION,GJ11C07,6,,,Ahmedabad,False,NEW,📷 ANPR Detection: GJ11C07,"Detected at Ahmedabad S.G. Highway Gate-6 (23.0225, 72.5714). Watchlist Hit: False"
anpr-ingest-d6da261f,2026-09-01 13:26:17.199518+00:00,INFO,ANPR_DETECTION,GJ18GB788,6,,,Ahmedabad,False,NEW,📷 ANPR Detection: GJ18GB788,"Detected at Ahmedabad S.G. Highway Gate-6 (23.0225, 72.5714). Watchlist Hit: False"
anpr-ingest-2af2e3e7,2026-09-01 13:26:17.196657+00:00,INFO,ANPR_DETECTION,GJ16B7881,6,,,Ahmedabad,False,NEW,📷 ANPR Detection: GJ16B7881,"Detected at Ahmedabad S.G. Highway Gate-6 (23.0225, 72.5714). Watchlist Hit: False"
anpr-ingest-1441e45b,2026-09-01 13:26:13.057668+00:00,INFO,ANPR_DETECTION,GJ1CA7992,6,,,Ahmedabad,False,NEW,📷 ANPR Detection: GJ1CA7992,"Detected at Ahmedabad S.G. Highway Gate-6 (23.0225, 72.5714). Watchlist Hit: False"
anpr-ingest-50a02bd2,2026-09-01 13:26:09.179031+00:00,INFO,ANPR_DETECTION,GJ11C799,6,,,Ahmedabad,False,NEW,📷 ANPR Detection: GJ11C799,"Detected at Ahmedabad S.G. Highway Gate-6 (23.0225, 72.5714). Watchlist Hit: False"
anpr-ingest-417e506b,2026-09-01 13:26:04.576548+00:00,INFO,ANPR_DETECTION,GJ11CD2168,6,,,Ahmedabad,False,NEW,📷 ANPR Detection: GJ11CD2168,"Detected at Ahmedabad S.G. Highway Gate-6 (23.0225, 72.5714). Watchlist Hit: False"
anpr-ingest-c4c29c4d,2026-09-01 13:26:02.179559+00:00,INFO,ANPR_DETECTION,GJ1YCD751,6,,,Ahmedabad,False,NEW,📷 ANPR Detection: GJ1YCD751,"Detected at Ahmedabad S.G. Highway Gate-6 (23.0225, 72.5714). Watchlist Hit: False"
anpr-ingest-00a93c23,2026-09-01 13:26:01.315005+00:00,INFO,ANPR_DETECTION,GJ11CD792,6,,,Ahmedabad,False,NEW,📷 ANPR Detection: GJ11CD792,"Detected at Ahmedabad S.G. Highway Gate-6 (23.0225, 72.5714). Watchlist Hit: False"
anpr-ingest-db51aea9,2026-09-01 13:26:01.040170+00:00,INFO,ANPR_DETECTION,GJ11C7992,6,,,Ahmedabad,False,NEW,📷 ANPR Detection: GJ11C7992,"Detected at Ahmedabad S.G. Highway Gate-6 (23.0225, 72.5714). Watchlist Hit: False"
anpr-ingest-15304543,2026-09-01 13:25:28.698983+00:00,INFO,ANPR_DETECTION,GJ11CA7992,6,,,Ahmedabad,False,NEW,📷 ANPR Detection: GJ11CA7992,"Detected at Ahmedabad S.G. Highway Gate-6 (23.0225, 72.5714). Watchlist Hit: False"
anpr-ingest-66caf677,2026-09-01 13:25:25.045746+00:00,INFO,ANPR_DETECTION,GJ11CAT991,6,,,Ahmedabad,False,NEW,📷 ANPR Detection: GJ11CAT991,"Detected at Ahmedabad S.G. Highway Gate-6 (23.0225, 72.5714). Watchlist Hit: False"
anpr-ingest-73a3c204,2026-09-01 13:25:20.976691+00:00,INFO,ANPR_DETECTION,GJ1CA792,6,,,Ahmedabad,False,NEW,📷 ANPR Detection: GJ1CA792,"Detected at Ahmedabad S.G. Highway Gate-6 (23.0225, 72.5714). Watchlist Hit: False"
anpr-ingest-cbdbade2,2026-09-01 13:25:18.072225+00:00,INFO,ANPR_DETECTION,GJ11CDT92,6,,,Ahmedabad,False,NEW,📷 ANPR Detection: GJ11CDT92,"Detected at Ahmedabad S.G. Highway Gate-6 (23.0225, 72.5714). Watchlist Hit: False"
anpr-ingest-4b17d95a,2026-09-01 13:25:17.666634+00:00,INFO,ANPR_DETECTION,GJ11CAT992,6,,,Ahmedabad,False,NEW,📷 ANPR Detection: GJ11CAT992,"Detected at Ahmedabad S.G. Highway Gate-6 (23.0225, 72.5714). Watchlist Hit: False"
anpr-ingest-844b7dc4,2026-09-01 13:25:16.680557+00:00,INFO,ANPR_DETECTION,GJ1YCA7992,6,,,Ahmedabad,False,NEW,📷 ANPR Detection: GJ1YCA7992,"Detected at Ahmedabad S.G. Highway Gate-6 (23.0225, 72.5714). Watchlist Hit: False"
anpr-ingest-5aa38497,2026-09-01 13:25:16.536549+00:00,INFO,ANPR_DETECTION,GJ1YC7992,6,,,Ahmedabad,False,NEW,📷 ANPR Detection: GJ1YC7992,"Detected at Ahmedabad S.G. Highway Gate-6 (23.0225, 72.5714). Watchlist Hit: False"
anpr-ingest-e278aa93,2026-09-01 13:25:16.431599+00:00,INFO,ANPR_DETECTION,GJ11CTB2,6,,,Ahmedabad,False,NEW,📷 ANPR Detection: GJ11CTB2,"Detected at Ahmedabad S.G. Highway Gate-6 (23.0225, 72.5714). Watchlist Hit: False"
anpr-ingest-f6eaf41d,2026-09-01 13:25:16.424895+00:00,INFO,ANPR_DETECTION,GJ1YCD792,6,,,Ahmedabad,False,NEW,📷 ANPR Detection: GJ1YCD792,"Detected at Ahmedabad S.G. Highway Gate-6 (23.0225, 72.5714). Watchlist Hit: False"
anpr-ingest-c204a4db,2026-09-01 13:25:16.142439+00:00,INFO,ANPR_DETECTION,GJ11C0792,6,,,Ahmedabad,False,NEW,📷 ANPR Detection: GJ11C0792,"Detected at Ahmedabad S.G. Highway Gate-6 (23.0225, 72.5714). Watchlist Hit: False"
anpr-ingest-52804117,2026-09-01 13:25:15.820807+00:00,INFO,ANPR_DETECTION,GJ11CD7992,6,,,Ahmedabad,False,NEW,📷 ANPR Detection: GJ11CD7992,"Detected at Ahmedabad S.G. Highway Gate-6 (23.0225, 72.5714). Watchlist Hit: False"
anpr-ingest-74f34bbd,2026-09-01 13:25:03.065559+00:00,INFO,ANPR_DETECTION,GJ11C079,6,,,Ahmedabad,False,NEW,📷 ANPR Detection: GJ11C079,"Detected at Ahmedabad S.G. Highway Gate-6 (23.0225, 72.5714). Watchlist Hit: False"
anpr-ingest-9a109cea,2026-09-01 13:25:00.659989+00:00,INFO,ANPR_DETECTION,GJ11CD7391,6,,,Ahmedabad,False,NEW,📷 ANPR Detection: GJ11CD7391,"Detected at Ahmedabad S.G. Highway Gate-6 (23.0225, 72.5714). Watchlist Hit: False"
anpr-ingest-7c1ac917,2026-09-01 13:24:46.120138+00:00,INFO,ANPR_DETECTION,GJ11CH7431,6,,,Ahmedabad,False,NEW,📷 ANPR Detection: GJ11CH7431,"Detected at Ahmedabad S.G. Highway Gate-6 (23.0225, 72.5714). Watchlist Hit: False"
anpr-ingest-758ffb50,2026-09-01 13:24:31.799915+00:00,INFO,ANPR_DETECTION,GJ1TCH8263,6,,,Ahmedabad,False,NEW,📷 ANPR Detection: GJ1TCH8263,"Detected at Ahmedabad S.G. Highway Gate-6 (23.0225, 72.5714). Watchlist Hit: False"
anpr-ingest-063a0a03,2026-09-01 13:24:31.331879+00:00,INFO,ANPR_DETECTION,GJ11CH8263,6,,,Ahmedabad,False,NEW,📷 ANPR Detection: GJ11CH8263,"Detected at Ahmedabad S.G. Highway Gate-6 (23.0225, 72.5714). Watchlist Hit: False"
anpr-ingest-d57a7b4a,2026-09-01 13:24:30.945184+00:00,INFO,ANPR_DETECTION,GJ1ACH8263,6,,,Ahmedabad,False,NEW,📷 ANPR Detection: GJ1ACH8263,"Detected at Ahmedabad S.G. Highway Gate-6 (23.0225, 72.5714). Watchlist Hit: False"
anpr-ingest-09802505,2026-09-01 13:24:30.452644+00:00,INFO,ANPR_DETECTION,GJ1CD7992,6,,,Ahmedabad,False,NEW,📷 ANPR Detection: GJ1CD7992,"Detected at Ahmedabad S.G. Highway Gate-6 (23.0225, 72.5714). Watchlist Hit: False"
anpr-ingest-91dff9b2,2026-09-01 13:24:28.171998+00:00,INFO,ANPR_DETECTION,GJ11C7992,6,,,Ahmedabad,False,NEW,📷 ANPR Detection: GJ11C7992,"Detected at Ahmedabad S.G. Highway Gate-6 (23.0225, 72.5714). Watchlist Hit: False"
anpr-ingest-d4ad87b5,2026-09-01 13:24:25.772102+00:00,INFO,ANPR_DETECTION,JH1CD7991,6,,,Ahmedabad,False,NEW,📷 ANPR Detection: JH1CD7991,"Detected at Ahmedabad S.G. Highway Gate-6 (23.0225, 72.5714). Watchlist Hit: False"
anpr-ingest-44bf84c1,2026-09-01 13:24:22.612900+00:00,INFO,ANPR_DETECTION,GJ110D8695,6,,,Ahmedabad,False,NEW,📷 ANPR Detection: GJ110D8695,"Detected at Ahmedabad S.G. Highway Gate-6 (23.0225, 72.5714). Watchlist Hit: False"
anpr-ingest-f8d5092b,2026-09-01 13:24:22.610319+00:00,INFO,ANPR_DETECTION,GJ11CD8695,6,,,Ahmedabad,False,NEW,📷 ANPR Detection: GJ11CD8695,"Detected at Ahmedabad S.G. Highway Gate-6 (23.0225, 72.5714). Watchlist Hit: False"
anpr-ingest-4bfe349c,2026-09-01 13:24:19.525622+00:00,INFO,ANPR_DETECTION,GJ1YCD7992,6,,,Ahmedabad,False,NEW,📷 ANPR Detection: GJ1YCD7992,"Detected at Ahmedabad S.G. Highway Gate-6 (23.0225, 72.5714). Watchlist Hit: False"
anpr-ingest-795ac4d1,2026-09-01 13:24:16.066711+00:00,INFO,ANPR_DETECTION,GJ11CA7992,6,,,Ahmedabad,False,NEW,📷 ANPR Detection: GJ11CA7992,"Detected at Ahmedabad S.G. Highway Gate-6 (23.0225, 72.5714). Watchlist Hit: False"
anpr-ingest-abd901e1,2026-09-01 13:24:15.372124+00:00,INFO,ANPR_DETECTION,GJ1GD7992,6,,,Ahmedabad,False,NEW,📷 ANPR Detection: GJ1GD7992,"Detected at Ahmedabad S.G. Highway Gate-6 (23.0225, 72.5714). Watchlist Hit: False"
anpr-ingest-fb263808,2026-09-01 13:24:15.318761+00:00,INFO,ANPR_DETECTION,GJ11CD7991,6,,,Ahmedabad,False,NEW,📷 ANPR Detection: GJ11CD7991,"Detected at Ahmedabad S.G. Highway Gate-6 (23.0225, 72.5714). Watchlist Hit: False"
anpr-ingest-7cd2ed25,2026-09-01 13:24:15.214808+00:00,INFO,ANPR_DETECTION,GJ17C0792,6,,,Ahmedabad,False,NEW,📷 ANPR Detection: GJ17C0792,"Detected at Ahmedabad S.G. Highway Gate-6 (23.0225, 72.5714). Watchlist Hit: False"
anpr-ingest-5a58dae4,2026-09-01 13:24:15.066320+00:00,INFO,ANPR_DETECTION,GJ11CD7992,6,,,Ahmedabad,False,NEW,📷 ANPR Detection: GJ11CD7992,"Detected at Ahmedabad S.G. Highway Gate-6 (23.0225, 72.5714). Watchlist Hit: False"
anpr-ingest-199705e0,2026-09-01 13:24:14.120616+00:00,INFO,ANPR_DETECTION,GJ11CA7491,6,,,Ahmedabad,False,NEW,📷 ANPR Detection: GJ11CA7491,"Detected at Ahmedabad S.G. Highway Gate-6 (23.0225, 72.5714). Watchlist Hit: False"
anpr-ingest-3cabf816,2026-09-01 13:24:13.180546+00:00,INFO,ANPR_DETECTION,GJ11C7592,6,,,Ahmedabad,False,NEW,📷 ANPR Detection: GJ11C7592,"Detected at Ahmedabad S.G. Highway Gate-6 (23.0225, 72.5714). Watchlist Hit: False"
anpr-ingest-15505f5f,2026-09-01 13:24:10.804554+00:00,INFO,ANPR_DETECTION,JH1CA7192,6,,,Ahmedabad,False,NEW,📷 ANPR Detection: JH1CA7192,"Detected at Ahmedabad S.G. Highway Gate-6 (23.0225, 72.5714). Watchlist Hit: False"
anpr-ingest-d3dff938,2026-09-01 13:24:09.200562+00:00,INFO,ANPR_DETECTION,GJ11CA792,6,,,Ahmedabad,False,NEW,📷 ANPR Detection: GJ11CA792,"Detected at Ahmedabad S.G. Highway Gate-6 (23.0225, 72.5714). Watchlist Hit: False"
anpr-ingest-540d976b,2026-09-01 13:23:31.812594+00:00,INFO,ANPR_DETECTION,GJ36L1083,6,,,Ahmedabad,False,NEW,📷 ANPR Detection: GJ36L1083,"Detected at Ahmedabad S.G. Highway Gate-6 (23.0225, 72.5714). Watchlist Hit: False"
anpr-ingest-8fdb9341,2026-09-01 13:23:29.266699+00:00,INFO,ANPR_DETECTION,GJ1CA7992,6,,,Ahmedabad,False,NEW,📷 ANPR Detection: GJ1CA7992,"Detected at Ahmedabad S.G. Highway Gate-6 (23.0225, 72.5714). Watchlist Hit: False"
anpr-ingest-06939cdf,2026-09-01 13:23:29.262350+00:00,INFO,ANPR_DETECTION,GJ1C7992,6,,,Ahmedabad,False,NEW,📷 ANPR Detection: GJ1C7992,"Detected at Ahmedabad S.G. Highway Gate-6 (23.0225, 72.5714). Watchlist Hit: False"
anpr-ingest-cdd085f5,2026-09-01 13:23:22.902759+00:00,INFO,ANPR_DETECTION,GJ11CT992,6,,,Ahmedabad,False,NEW,📷 ANPR Detection: GJ11CT992,"Detected at Ahmedabad S.G. Highway Gate-6 (23.0225, 72.5714). Watchlist Hit: False"
anpr-ingest-97d6996e,2026-09-01 13:23:22.613054+00:00,INFO,ANPR_DETECTION,GJ11DB2975,6,,,Ahmedabad,False,NEW,📷 ANPR Detection: GJ11DB2975,"Detected at Ahmedabad S.G. Highway Gate-6 (23.0225, 72.5714). Watchlist Hit: False"
anpr-ingest-1244662e,2026-09-01 13:23:22.283229+00:00,INFO,ANPR_DETECTION,GJ1DB2975,6,,,Ahmedabad,False,NEW,📷 ANPR Detection: GJ1DB2975,"Detected at Ahmedabad S.G. Highway Gate-6 (23.0225, 72.5714). Watchlist Hit: False"
anpr-ingest-09db3c3d,2026-09-01 13:23:22.227621+00:00,INFO,ANPR_DETECTION,GJ11CDT992,6,,,Ahmedabad,False,NEW,📷 ANPR Detection: GJ11CDT992,"Detected at Ahmedabad S.G. Highway Gate-6 (23.0225, 72.5714). Watchlist Hit: False"
anpr-ingest-21d538af,2026-09-01 13:23:21.772556+00:00,INFO,ANPR_DETECTION,GJ11CD7392,6,,,Ahmedabad,False,NEW,📷 ANPR Detection: GJ11CD7392,"Detected at Ahmedabad S.G. Highway Gate-6 (23.0225, 72.5714). Watchlist Hit: False"
anpr-ingest-fa82c819,2026-09-01 13:23:21.409475+00:00,INFO,ANPR_DETECTION,GJ11CD7992,6,,,Ahmedabad,False,NEW,📷 ANPR Detection: GJ11CD7992,"Detected at Ahmedabad S.G. Highway Gate-6 (23.0225, 72.5714). Watchlist Hit: False"
anpr-ingest-5af3527c,2026-09-01 13:23:21.078921+00:00,INFO,ANPR_DETECTION,GJ36AJ324,6,,,Ahmedabad,False,NEW,📷 ANPR Detection: GJ36AJ324,"Detected at Ahmedabad S.G. Highway Gate-6 (23.0225, 72.5714). Watchlist Hit: False"
anpr-ingest-39a98366,2026-09-01 13:23:20.933271+00:00,INFO,ANPR_DETECTION,GJ36A312,6,,,Ahmedabad,False,NEW,📷 ANPR Detection: GJ36A312,"Detected at Ahmedabad S.G. Highway Gate-6 (23.0225, 72.5714). Watchlist Hit: False"
anpr-ingest-aa633ab3,2026-09-01 13:23:20.616546+00:00,INFO,ANPR_DETECTION,GJ06AJ0124,6,,,Ahmedabad,False,NEW,📷 ANPR Detection: GJ06AJ0124,"Detected at Ahmedabad S.G. Highway Gate-6 (23.0225, 72.5714). Watchlist Hit: False"
anpr-ingest-7de0db03,2026-09-01 13:23:20.463174+00:00,INFO,ANPR_DETECTION,GJ36AJ3124,6,,,Ahmedabad,False,NEW,📷 ANPR Detection: GJ36AJ3124,"Detected at Ahmedabad S.G. Highway Gate-6 (23.0225, 72.5714). Watchlist Hit: False"
anpr-ingest-a161d043,2026-09-01 13:23:20.236547+00:00,INFO,ANPR_DETECTION,GJ36A0124,6,,,Ahmedabad,False,NEW,📷 ANPR Detection: GJ36A0124,"Detected at Ahmedabad S.G. Highway Gate-6 (23.0225, 72.5714). Watchlist Hit: False"
anpr-ingest-c18cf1e1,2026-09-01 13:23:20.194564+00:00,INFO,ANPR_DETECTION,GJ3AJ01,6,,,Ahmedabad,False,NEW,📷 ANPR Detection: GJ3AJ01,"Detected at Ahmedabad S.G. Highway Gate-6 (23.0225, 72.5714). Watchlist Hit: False"
anpr-ingest-d9b785b6,2026-09-01 13:23:20.045464+00:00,INFO,ANPR_DETECTION,GJ36J0124,6,,,Ahmedabad,False,NEW,📷 ANPR Detection: GJ36J0124,"Detected at Ahmedabad S.G. Highway Gate-6 (23.0225, 72.5714). Watchlist Hit: False"
anpr-ingest-03ff504a,2026-09-01 13:23:19.940787+00:00,INFO,ANPR_DETECTION,GJ36AJ012,6,,,Ahmedabad,False,NEW,📷 ANPR Detection: GJ36AJ012,"Detected at Ahmedabad S.G. Highway Gate-6 (23.0225, 72.5714). Watchlist Hit: False"
anpr-ingest-a8d9f648,2026-09-01 13:23:19.791761+00:00,INFO,ANPR_DETECTION,GJ36J012,6,,,Ahmedabad,False,NEW,📷 ANPR Detection: GJ36J012,"Detected at Ahmedabad S.G. Highway Gate-6 (23.0225, 72.5714). Watchlist Hit: False"
anpr-ingest-acadfdcc,2026-09-01 13:23:18.050469+00:00,INFO,ANPR_DETECTION,GJ11CDA526,6,,,Ahmedabad,False,NEW,📷 ANPR Detection: GJ11CDA526,"Detected at Ahmedabad S.G. Highway Gate-6 (23.0225, 72.5714). Watchlist Hit: False"
anpr-ingest-f9e80317,2026-09-01 13:23:17.912402+00:00,INFO,ANPR_DETECTION,GJ11CD4526,6,,,Ahmedabad,False,NEW,📷 ANPR Detection: GJ11CD4526,"Detected at Ahmedabad S.G. Highway Gate-6 (23.0225, 72.5714). Watchlist Hit: False"
anpr-ingest-9a8900fe,2026-09-01 13:23:17.906958+00:00,INFO,ANPR_DETECTION,GJ11CQ4526,6,,,Ahmedabad,False,NEW,📷 ANPR Detection: GJ11CQ4526,"Detected at Ahmedabad S.G. Highway Gate-6 (23.0225, 72.5714). Watchlist Hit: False"
anpr-ingest-4dc09770,2026-09-01 13:23:06.680550+00:00,INFO,ANPR_DETECTION,GJ1CAT991,6,,,Ahmedabad,False,NEW,📷 ANPR Detection: GJ1CAT991,"Detected at Ahmedabad S.G. Highway Gate-6 (23.0225, 72.5714). Watchlist Hit: False"
anpr-ingest-5bfeb24f,2026-09-01 13:22:57.111684+00:00,INFO,ANPR_DETECTION,GJ03MR6522,6,,,Ahmedabad,False,NEW,📷 ANPR Detection: GJ03MR6522,"Detected at Ahmedabad S.G. Highway Gate-6 (23.0225, 72.5714). Watchlist Hit: False"
anpr-ingest-c84d97d6,2026-09-01 13:22:55.930927+00:00,INFO,ANPR_DETECTION,GJ03AH6522,6,,,Ahmedabad,False,NEW,📷 ANPR Detection: GJ03AH6522,"Detected at Ahmedabad S.G. Highway Gate-6 (23.0225, 72.5714). Watchlist Hit: False"
anpr-ingest-0c6f6cf7,2026-09-01 13:22:55.258677+00:00,INFO,ANPR_DETECTION,GJ03MH6522,6,,,Ahmedabad,False,NEW,📷 ANPR Detection: GJ03MH6522,"Detected at Ahmedabad S.G. Highway Gate-6 (23.0225, 72.5714). Watchlist Hit: False"
anpr-ingest-897804ee,2026-09-01 13:22:47.541980+00:00,INFO,ANPR_DETECTION,GJ01KD7363,6,,,Ahmedabad,False,NEW,📷 ANPR Detection: GJ01KD7363,"Detected at Ahmedabad S.G. Highway Gate-6 (23.0225, 72.5714). Watchlist Hit: False"
anpr-ingest-1d014ef3,2026-09-01 13:22:36.770902+00:00,INFO,ANPR_DETECTION,GJ11AS3783,6,,,Ahmedabad,False,NEW,📷 ANPR Detection: GJ11AS3783,"Detected at Ahmedabad S.G. Highway Gate-6 (23.0225, 72.5714). Watchlist Hit: False"
anpr-ingest-b3fac1be,2026-09-01 13:22:30.137071+00:00,INFO,ANPR_DETECTION,GJ1C079,6,,,Ahmedabad,False,NEW,📷 ANPR Detection: GJ1C079,"Detected at Ahmedabad S.G. Highway Gate-6 (23.0225, 72.5714). Watchlist Hit: False"
anpr-ingest-2e3bb66b,2026-09-01 13:22:29.921771+00:00,INFO,ANPR_DETECTION,GJ11C075,6,,,Ahmedabad,False,NEW,📷 ANPR Detection: GJ11C075,"Detected at Ahmedabad S.G. Highway Gate-6 (23.0225, 72.5714). Watchlist Hit: False"
anpr-ingest-f3955d11,2026-09-01 13:22:25.599876+00:00,INFO,ANPR_DETECTION,GJ11C7992,6,,,Ahmedabad,False,NEW,📷 ANPR Detection: GJ11C7992,"Detected at Ahmedabad S.G. Highway Gate-6 (23.0225, 72.5714). Watchlist Hit: False"
anpr-ingest-36c1fb7d,2026-09-01 13:21:58.715718+00:00,INFO,ANPR_DETECTION,GJ1CDT92,6,,,Ahmedabad,False,NEW,📷 ANPR Detection: GJ1CDT92,"Detected at Ahmedabad S.G. Highway Gate-6 (23.0225, 72.5714). Watchlist Hit: False"
anpr-ingest-a1e43a25,2026-09-01 13:21:58.555952+00:00,INFO,ANPR_DETECTION,GJ11CT992,6,,,Ahmedabad,False,NEW,📷 ANPR Detection: GJ11CT992,"Detected at Ahmedabad S.G. Highway Gate-6 (23.0225, 72.5714). Watchlist Hit: False"
anpr-ingest-7173ba05,2026-09-01 13:21:53.015351+00:00,INFO,ANPR_DETECTION,GJ11CDT992,6,,,Ahmedabad,False,NEW,📷 ANPR Detection: GJ11CDT992,"Detected at Ahmedabad S.G. Highway Gate-6 (23.0225, 72.5714). Watchlist Hit: False"
anpr-ingest-2904c06a,2026-09-01 13:21:52.135583+00:00,INFO,ANPR_DETECTION,GJ11C1792,6,,,Ahmedabad,False,NEW,📷 ANPR Detection: GJ11C1792,"Detected at Ahmedabad S.G. Highway Gate-6 (23.0225, 72.5714). Watchlist Hit: False"
anpr-ingest-e7160d60,2026-09-01 13:21:50.208632+00:00,INFO,ANPR_DETECTION,GJ11CD7991,6,,,Ahmedabad,False,NEW,📷 ANPR Detection: GJ11CD7991,"Detected at Ahmedabad S.G. Highway Gate-6 (23.0225, 72.5714). Watchlist Hit: False"
anpr-ingest-c6d8a686,2026-09-01 13:21:49.274245+00:00,INFO,ANPR_DETECTION,GJ11CD7992,6,,,Ahmedabad,False,NEW,📷 ANPR Detection: GJ11CD7992,"Detected at Ahmedabad S.G. Highway Gate-6 (23.0225, 72.5714). Watchlist Hit: False"
anpr-ingest-ccd6f972,2026-09-01 13:21:46.430499+00:00,INFO,ANPR_DETECTION,GJ1CAT992,6,,,Ahmedabad,False,NEW,📷 ANPR Detection: GJ1CAT992,"Detected at Ahmedabad S.G. Highway Gate-6 (23.0225, 72.5714). Watchlist Hit: False"
anpr-ingest-0d956a77,2026-09-01 13:21:46.428910+00:00,INFO,ANPR_DETECTION,GJ11CD7392,6,,,Ahmedabad,False,NEW,📷 ANPR Detection: GJ11CD7392,"Detected at Ahmedabad S.G. Highway Gate-6 (23.0225, 72.5714). Watchlist Hit: False"
anpr-ingest-72389409,2026-09-01 13:21:46.428738+00:00,INFO,ANPR_DETECTION,GJ11CA7992,6,,,Ahmedabad,False,NEW,📷 ANPR Detection: GJ11CA7992,"Detected at Ahmedabad S.G. Highway Gate-6 (23.0225, 72.5714). Watchlist Hit: False"
anpr-ingest-93b0253a,2026-09-01 13:21:33.600811+00:00,INFO,ANPR_DETECTION,GJ23CF3135,6,,,Ahmedabad,False,NEW,📷 ANPR Detection: GJ23CF3135,"Detected at Ahmedabad S.G. Highway Gate-6 (23.0225, 72.5714). Watchlist Hit: False"
anpr-ingest-4ce4b0a5,2026-09-01 13:21:33.302554+00:00,INFO,ANPR_DETECTION,GJ21CF313,6,,,Ahmedabad,False,NEW,📷 ANPR Detection: GJ21CF313,"Detected at Ahmedabad S.G. Highway Gate-6 (23.0225, 72.5714). Watchlist Hit: False"
anpr-ingest-6b09ea3d,2026-09-01 13:21:33.174769+00:00,INFO,ANPR_DETECTION,GJ23CF313,6,,,Ahmedabad,False,NEW,📷 ANPR Detection: GJ23CF313,"Detected at Ahmedabad S.G. Highway Gate-6 (23.0225, 72.5714). Watchlist Hit: False"
anpr-ingest-462358e4,2026-09-01 13:21:33.044262+00:00,INFO,ANPR_DETECTION,GJ2CF3136,6,,,Ahmedabad,False,NEW,📷 ANPR Detection: GJ2CF3136,"Detected at Ahmedabad S.G. Highway Gate-6 (23.0225, 72.5714). Watchlist Hit: False"
anpr-ingest-379e0501,2026-09-01 13:21:32.196957+00:00,INFO,ANPR_DETECTION,GJ23CF3136,6,,,Ahmedabad,False,NEW,📷 ANPR Detection: GJ23CF3136,"Detected at Ahmedabad S.G. Highway Gate-6 (23.0225, 72.5714). Watchlist Hit: False"
anpr-ingest-b027475b,2026-09-01 13:21:31.834382+00:00,INFO,ANPR_DETECTION,GJ2JCF3136,6,,,Ahmedabad,False,NEW,📷 ANPR Detection: GJ2JCF3136,"Detected at Ahmedabad S.G. Highway Gate-6 (23.0225, 72.5714). Watchlist Hit: False"
anpr-ingest-89d7e76b,2026-09-01 13:21:25.125584+00:00,INFO,ANPR_DETECTION,GJ11CQ7992,6,,,Ahmedabad,False,NEW,📷 ANPR Detection: GJ11CQ7992,"Detected at Ahmedabad S.G. Highway Gate-6 (23.0225, 72.5714). Watchlist Hit: False"
anpr-ingest-f6d3af90,2026-09-01 13:21:04.864076+00:00,INFO,ANPR_DETECTION,GJ13CA4444,6,,,Ahmedabad,False,NEW,📷 ANPR Detection: GJ13CA4444,"Detected at S.G. Highway CCTV Node #06 (23.0225, 72.5714). Watchlist Hit: False"
anpr-ingest-b0fddb19,2026-09-01 13:21:01.942729+00:00,INFO,ANPR_DETECTION,GJ05JC5490,6,,,Ahmedabad,False,NEW,📷 ANPR Detection: GJ05JC5490,"Detected at S.G. Highway CCTV Node #06 (23.0225, 72.5714). Watchlist Hit: False"
anpr-ingest-494cb97b,2026-09-01 13:20:59.790913+00:00,INFO,ANPR_DETECTION,GJ11BH4032,6,,,Ahmedabad,False,NEW,📷 ANPR Detection: GJ11BH4032,"Detected at S.G. Highway CCTV Node #06 (23.0225, 72.5714). Watchlist Hit: False"
anpr-ingest-bca128c8,2026-09-01 13:20:59.359957+00:00,INFO,ANPR_DETECTION,GJ1BH4032,6,,,Ahmedabad,False,NEW,📷 ANPR Detection: GJ1BH4032,"Detected at S.G. Highway CCTV Node #06 (23.0225, 72.5714). Watchlist Hit: False"
anpr-ingest-8d0c739e,2026-09-01 13:20:28.762883+00:00,INFO,ANPR_DETECTION,GJ1DB3759,6,,,Ahmedabad,False,NEW,📷 ANPR Detection: GJ1DB3759,"Detected at S.G. Highway CCTV Node #06 (23.0225, 72.5714). Watchlist Hit: False"
anpr-ingest-41c2b493,2026-09-01 13:20:28.608971+00:00,INFO,ANPR_DETECTION,GJ110B3759,6,,,Ahmedabad,False,NEW,📷 ANPR Detection: GJ110B3759,"Detected at S.G. Highway CCTV Node #06 (23.0225, 72.5714). Watchlist Hit: False"
anpr-ingest-ad86dd73,2026-09-01 13:20:28.607797+00:00,INFO,ANPR_DETECTION,GJ11DB3758,6,,,Ahmedabad,False,NEW,📷 ANPR Detection: GJ11DB3758,"Detected at S.G. Highway CCTV Node #06 (23.0225, 72.5714). Watchlist Hit: False"
anpr-ingest-f7242d54,2026-09-01 13:20:28.464325+00:00,INFO,ANPR_DETECTION,GJ1TDB3759,6,,,Ahmedabad,False,NEW,📷 ANPR Detection: GJ1TDB3759,"Detected at S.G. Highway CCTV Node #06 (23.0225, 72.5714). Watchlist Hit: False"
anpr-ingest-c7b82e87,2026-09-01 13:20:28.331131+00:00,INFO,ANPR_DETECTION,GJ11DB3759,6,,,Ahmedabad,False,NEW,📷 ANPR Detection: GJ11DB3759,"Detected at S.G. Highway CCTV Node #06 (23.0225, 72.5714). Watchlist Hit: False"
anpr-ingest-90e69c7a,2026-09-01 13:20:28.327917+00:00,INFO,ANPR_DETECTION,GJ11DB375,6,,,Ahmedabad,False,NEW,📷 ANPR Detection: GJ11DB375,"Detected at S.G. Highway CCTV Node #06 (23.0225, 72.5714). Watchlist Hit: False"
anpr-ingest-4e195198,2026-09-01 13:19:12.842498+00:00,INFO,ANPR_DETECTION,GJ11CD4873,6,,,Ahmedabad,False,NEW,📷 ANPR Detection: GJ11CD4873,"Detected at S.G. Highway CCTV Node #06 (23.0225, 72.5714). Watchlist Hit: False"
anpr-ingest-81dd97d4,2026-09-01 13:19:12.653715+00:00,INFO,ANPR_DETECTION,GJ11C173,6,,,Ahmedabad,False,NEW,📷 ANPR Detection: GJ11C173,"Detected at S.G. Highway CCTV Node #06 (23.0225, 72.5714). Watchlist Hit: False"
anpr-ingest-abc46103,2026-09-01 13:19:12.443807+00:00,INFO,ANPR_DETECTION,GJ11C487,6,,,Ahmedabad,False,NEW,📷 ANPR Detection: GJ11C487,"Detected at S.G. Highway CCTV Node #06 (23.0225, 72.5714). Watchlist Hit: False"
anpr-ingest-d73aa2a0,2026-09-01 13:19:09.181036+00:00,INFO,ANPR_DETECTION,GJ11CL3990,6,,,Ahmedabad,False,NEW,📷 ANPR Detection: GJ11CL3990,"Detected at S.G. Highway CCTV Node #06 (23.0225, 72.5714). Watchlist Hit: False"
anpr-ingest-12b92448,2026-09-01 13:18:54.532461+00:00,INFO,ANPR_DETECTION,GJ1HY7037,6,,,Ahmedabad,False,NEW,📷 ANPR Detection: GJ1HY7037,"Detected at S.G. Highway CCTV Node #06 (23.0225, 72.5714). Watchlist Hit: False"
anpr-ingest-4c153971,2026-09-01 13:18:53.199900+00:00,INFO,ANPR_DETECTION,GJ01H7037,6,,,Ahmedabad,False,NEW,📷 ANPR Detection: GJ01H7037,"Detected at S.G. Highway CCTV Node #06 (23.0225, 72.5714). Watchlist Hit: False"
anpr-ingest-a9bcc12e,2026-09-01 13:18:40.363818+00:00,INFO,ANPR_DETECTION,GJ48U100,6,,,Ahmedabad,False,NEW,📷 ANPR Detection: GJ48U100,"Detected at S.G. Highway CCTV Node #06 (23.0225, 72.5714). Watchlist Hit: False"
anpr-ingest-5796d975,2026-09-01 13:18:39.958042+00:00,INFO,ANPR_DETECTION,GJ4BU108,6,,,Ahmedabad,False,NEW,📷 ANPR Detection: GJ4BU108,"Detected at S.G. Highway CCTV Node #06 (23.0225, 72.5714). Watchlist Hit: False"
anpr-ingest-75e983c3,2026-09-01 13:18:32.315989+00:00,INFO,ANPR_DETECTION,GJ23CF1138,6,,,Ahmedabad,False,NEW,📷 ANPR Detection: GJ23CF1138,"Detected at S.G. Highway CCTV Node #06 (23.0225, 72.5714). Watchlist Hit: False"
anpr-ingest-8d309c8c,2026-09-01 13:18:32.125665+00:00,INFO,ANPR_DETECTION,GJ23CF3138,6,,,Ahmedabad,False,NEW,📷 ANPR Detection: GJ23CF3138,"Detected at S.G. Highway CCTV Node #06 (23.0225, 72.5714). Watchlist Hit: False"
anpr-ingest-5f941c6c,2026-09-01 13:18:32.124419+00:00,INFO,ANPR_DETECTION,GJ23CF3136,6,,,Ahmedabad,False,NEW,📷 ANPR Detection: GJ23CF3136,"Detected at S.G. Highway CCTV Node #06 (23.0225, 72.5714). Watchlist Hit: False"
anpr-ingest-200a4340,2026-09-01 13:18:31.969193+00:00,INFO,ANPR_DETECTION,GJ23CF3135,6,,,Ahmedabad,False,NEW,📷 ANPR Detection: GJ23CF3135,"Detected at S.G. Highway CCTV Node #06 (23.0225, 72.5714). Watchlist Hit: False"
anpr-ingest-2cbb4770,2026-09-01 13:18:31.807954+00:00,INFO,ANPR_DETECTION,GJ23CF313,6,,,Ahmedabad,False,NEW,📷 ANPR Detection: GJ23CF313,"Detected at S.G. Highway CCTV Node #06 (23.0225, 72.5714). Watchlist Hit: False"
anpr-ingest-67608748,2026-09-01 13:18:31.723392+00:00,INFO,ANPR_DETECTION,GJ23CF31,6,,,Ahmedabad,False,NEW,📷 ANPR Detection: GJ23CF31,"Detected at S.G. Highway CCTV Node #06 (23.0225, 72.5714). Watchlist Hit: False"
anpr-ingest-c13c84b3,2026-09-01 13:18:16.639821+00:00,INFO,ANPR_DETECTION,GJ01RP1868,6,,,Ahmedabad,False,NEW,📷 ANPR Detection: GJ01RP1868,"Detected at S.G. Highway CCTV Node #06 (23.0225, 72.5714). Watchlist Hit: False"
anpr-ingest-14a77315,2026-09-01 13:18:16.565926+00:00,INFO,ANPR_DETECTION,GJ01RP186,6,,,Ahmedabad,False,NEW,📷 ANPR Detection: GJ01RP186,"Detected at S.G. Highway CCTV Node #06 (23.0225, 72.5714). Watchlist Hit: False"
anpr-ingest-4edd422f,2026-09-01 13:18:16.420978+00:00,INFO,ANPR_DETECTION,GJ01RP18,6,,,Ahmedabad,False,NEW,📷 ANPR Detection: GJ01RP18,"Detected at S.G. Highway CCTV Node #06 (23.0225, 72.5714). Watchlist Hit: False"
anpr-ingest-9752140a,2026-09-01 13:18:15.534037+00:00,INFO,ANPR_DETECTION,GJ17UUY65,6,,,Ahmedabad,False,NEW,📷 ANPR Detection: GJ17UUY65,"Detected at S.G. Highway CCTV Node #06 (23.0225, 72.5714). Watchlist Hit: False"
anpr-ingest-f8f459f9,2026-09-01 13:18:15.338552+00:00,INFO,ANPR_DETECTION,GJ17UU1,6,,,Ahmedabad,False,NEW,📷 ANPR Detection: GJ17UU1,"Detected at S.G. Highway CCTV Node #06 (23.0225, 72.5714). Watchlist Hit: False"
anpr-ingest-e1a9c5a2,2026-09-01 13:18:14.885039+00:00,INFO,ANPR_DETECTION,RJ01RP186,6,,,Ahmedabad,False,NEW,📷 ANPR Detection: RJ01RP186,"Detected at S.G. Highway CCTV Node #06 (23.0225, 72.5714). Watchlist Hit: False"
anpr-ingest-ede9affe,2026-09-01 13:18:14.453472+00:00,INFO,ANPR_DETECTION,GJ17UU1852,6,,,Ahmedabad,False,NEW,📷 ANPR Detection: GJ17UU1852,"Detected at S.G. Highway CCTV Node #06 (23.0225, 72.5714). Watchlist Hit: False"
anpr-ingest-7b9532ed,2026-09-01 13:18:14.357392+00:00,INFO,ANPR_DETECTION,GJ17UU165,6,,,Ahmedabad,False,NEW,📷 ANPR Detection: GJ17UU165,"Detected at S.G. Highway CCTV Node #06 (23.0225, 72.5714). Watchlist Hit: False"
anpr-ingest-684d3ef9,2026-09-01 13:18:14.147297+00:00,INFO,ANPR_DETECTION,GJ170U1,6,,,Ahmedabad,False,NEW,📷 ANPR Detection: GJ170U1,"Detected at S.G. Highway CCTV Node #06 (23.0225, 72.5714). Watchlist Hit: False"
anpr-ingest-1eb5f243,2026-09-01 13:17:44.667357+00:00,INFO,ANPR_DETECTION,GJ02E5229,6,,,Ahmedabad,False,NEW,📷 ANPR Detection: GJ02E5229,"Detected at S.G. Highway CCTV Node #06 (23.0225, 72.5714). Watchlist Hit: False"
anpr-ingest-22d86345,2026-09-01 13:17:43.732489+00:00,INFO,ANPR_DETECTION,GJ02DES229,6,,,Ahmedabad,False,NEW,📷 ANPR Detection: GJ02DES229,"Detected at S.G. Highway CCTV Node #06 (23.0225, 72.5714). Watchlist Hit: False"
anpr-ingest-a24427a9,2026-09-01 13:17:43.610185+00:00,INFO,ANPR_DETECTION,GJ020E5229,6,,,Ahmedabad,False,NEW,📷 ANPR Detection: GJ020E5229,"Detected at S.G. Highway CCTV Node #06 (23.0225, 72.5714). Watchlist Hit: False"
anpr-ingest-dd261b18,2026-09-01 13:17:43.396244+00:00,INFO,ANPR_DETECTION,GJ02DE5229,6,,,Ahmedabad,False,NEW,📷 ANPR Detection: GJ02DE5229,"Detected at S.G. Highway CCTV Node #06 (23.0225, 72.5714). Watchlist Hit: False"
anpr-ingest-e783b742,2026-09-01 13:17:42.989883+00:00,INFO,ANPR_DETECTION,GJ020E929,6,,,Ahmedabad,False,NEW,📷 ANPR Detection: GJ020E929,"Detected at S.G. Highway CCTV Node #06 (23.0225, 72.5714). Watchlist Hit: False"
anpr-ingest-d51d89b5,2026-09-01 13:17:38.712661+00:00,INFO,ANPR_DETECTION,GJ17AB9331,6,,,Ahmedabad,False,NEW,📷 ANPR Detection: GJ17AB9331,"Detected at S.G. Highway CCTV Node #06 (23.0225, 72.5714). Watchlist Hit: False"
anpr-ingest-9f500fd0,2026-09-01 13:17:38.579927+00:00,INFO,ANPR_DETECTION,GJ1B9331,6,,,Ahmedabad,False,NEW,📷 ANPR Detection: GJ1B9331,"Detected at S.G. Highway CCTV Node #06 (23.0225, 72.5714). Watchlist Hit: False"
anpr-ingest-14affa60,2026-09-01 13:17:38.301175+00:00,INFO,ANPR_DETECTION,GJ1DAB9331,6,,,Ahmedabad,False,NEW,📷 ANPR Detection: GJ1DAB9331,"Detected at S.G. Highway CCTV Node #06 (23.0225, 72.5714). Watchlist Hit: False"
anpr-ingest-a0c2fc64,2026-09-01 13:17:37.329924+00:00,INFO,ANPR_DETECTION,GJ1AB933,6,,,Ahmedabad,False,NEW,📷 ANPR Detection: GJ1AB933,"Detected at S.G. Highway CCTV Node #06 (23.0225, 72.5714). Watchlist Hit: False"
anpr-ingest-92392cb9,2026-09-01 13:17:37.253781+00:00,INFO,ANPR_DETECTION,GJ11AB93,6,,,Ahmedabad,False,NEW,📷 ANPR Detection: GJ11AB93,"Detected at S.G. Highway CCTV Node #06 (23.0225, 72.5714). Watchlist Hit: False"
anpr-ingest-cf4353d0,2026-09-01 13:17:37.133599+00:00,INFO,ANPR_DETECTION,GJ11AB9,6,,,Ahmedabad,False,NEW,📷 ANPR Detection: GJ11AB9,"Detected at S.G. Highway CCTV Node #06 (23.0225, 72.5714). Watchlist Hit: False"
anpr-ingest-484a3b40,2026-09-01 13:17:36.118827+00:00,INFO,ANPR_DETECTION,GJ11A8933,6,,,Ahmedabad,False,NEW,📷 ANPR Detection: GJ11A8933,"Detected at S.G. Highway CCTV Node #06 (23.0225, 72.5714). Watchlist Hit: False"
anpr-ingest-6ad344ba,2026-09-01 13:17:35.762716+00:00,INFO,ANPR_DETECTION,GJ111B9331,6,,,Ahmedabad,False,NEW,📷 ANPR Detection: GJ111B9331,"Detected at S.G. Highway CCTV Node #06 (23.0225, 72.5714). Watchlist Hit: False"
anpr-ingest-1caf35f9,2026-09-01 13:17:35.563850+00:00,INFO,ANPR_DETECTION,GJ111B933,6,,,Ahmedabad,False,NEW,📷 ANPR Detection: GJ111B933,"Detected at S.G. Highway CCTV Node #06 (23.0225, 72.5714). Watchlist Hit: False"
anpr-ingest-03a1cba3,2026-09-01 13:17:35.314908+00:00,INFO,ANPR_DETECTION,GJ11AB933,6,,,Ahmedabad,False,NEW,📷 ANPR Detection: GJ11AB933,"Detected at S.G. Highway CCTV Node #06 (23.0225, 72.5714). Watchlist Hit: False"
anpr-ingest-e7bd4e7d,2026-09-01 13:17:35.197622+00:00,INFO,ANPR_DETECTION,GJ11AB931,6,,,Ahmedabad,False,NEW,📷 ANPR Detection: GJ11AB931,"Detected at S.G. Highway CCTV Node #06 (23.0225, 72.5714). Watchlist Hit: False"
anpr-ingest-ee1107a8,2026-09-01 13:17:34.859635+00:00,INFO,ANPR_DETECTION,GJ17A8973,6,,,Ahmedabad,False,NEW,📷 ANPR Detection: GJ17A8973,"Detected at S.G. Highway CCTV Node #06 (23.0225, 72.5714). Watchlist Hit: False"
anpr-ingest-fc8561b8,2026-09-01 13:17:34.664712+00:00,INFO,ANPR_DETECTION,GJ11A8931,6,,,Ahmedabad,False,NEW,📷 ANPR Detection: GJ11A8931,"Detected at S.G. Highway CCTV Node #06 (23.0225, 72.5714). Watchlist Hit: False"
anpr-ingest-8dc8a7bf,2026-09-01 13:17:34.527809+00:00,INFO,ANPR_DETECTION,GJ11AB9331,6,,,Ahmedabad,False,NEW,📷 ANPR Detection: GJ11AB9331,"Detected at S.G. Highway CCTV Node #06 (23.0225, 72.5714). Watchlist Hit: False"
anpr-ingest-a9ac6ce1,2026-09-01 13:17:34.472324+00:00,INFO,ANPR_DETECTION,GJ1AB9331,6,,,Ahmedabad,False,NEW,📷 ANPR Detection: GJ1AB9331,"Detected at S.G. Highway CCTV Node #06 (23.0225, 72.5714). Watchlist Hit: False"
anpr-ingest-b47268c1,2026-09-01 13:17:34.332769+00:00,INFO,ANPR_DETECTION,GJ11B9331,6,,,Ahmedabad,False,NEW,📷 ANPR Detection: GJ11B9331,"Detected at S.G. Highway CCTV Node #06 (23.0225, 72.5714). Watchlist Hit: False"
anpr-ingest-7ce43df3,2026-09-01 13:17:34.210919+00:00,INFO,ANPR_DETECTION,GJ23CF136,6,,,Ahmedabad,False,NEW,📷 ANPR Detection: GJ23CF136,"Detected at S.G. Highway CCTV Node #06 (23.0225, 72.5714). Watchlist Hit: False"
anpr-ingest-112846c5,2026-09-01 13:17:32.147142+00:00,INFO,ANPR_DETECTION,GJ2CF3136,6,,,Ahmedabad,False,NEW,📷 ANPR Detection: GJ2CF3136,"Detected at S.G. Highway CCTV Node #06 (23.0225, 72.5714). Watchlist Hit: False"
anpr-ingest-74599e87,2026-09-01 13:17:31.516530+00:00,INFO,ANPR_DETECTION,GJ23CF313,6,,,Ahmedabad,False,NEW,📷 ANPR Detection: GJ23CF313,"Detected at S.G. Highway CCTV Node #06 (23.0225, 72.5714). Watchlist Hit: False"
anpr-ingest-36642e24,2026-09-01 13:17:30.931459+00:00,INFO,ANPR_DETECTION,GJ23CF3138,6,,,Ahmedabad,False,NEW,📷 ANPR Detection: GJ23CF3138,"Detected at S.G. Highway CCTV Node #06 (23.0225, 72.5714). Watchlist Hit: False"
anpr-ingest-f2a0b0be,2026-09-01 13:17:30.233731+00:00,INFO,ANPR_DETECTION,GJ23CF3136,6,,,Ahmedabad,False,NEW,📷 ANPR Detection: GJ23CF3136,"Detected at S.G. Highway CCTV Node #06 (23.0225, 72.5714). Watchlist Hit: False"
anpr-ingest-2f8fbab6,2026-09-01 13:17:19.246819+00:00,INFO,ANPR_DETECTION,GJ1ZFH3375,6,,,Ahmedabad,False,NEW,📷 ANPR Detection: GJ1ZFH3375,"Detected at S.G. Highway CCTV Node #06 (23.0225, 72.5714). Watchlist Hit: False"
anpr-ingest-b8cd7f36,2026-09-01 13:17:19.120330+00:00,INFO,ANPR_DETECTION,GJ7ZFH3375,6,,,Ahmedabad,False,NEW,📷 ANPR Detection: GJ7ZFH3375,"Detected at S.G. Highway CCTV Node #06 (23.0225, 72.5714). Watchlist Hit: False"
anpr-ingest-77ead9c2,2026-09-01 13:17:19.118806+00:00,INFO,ANPR_DETECTION,GJ72FH3375,6,,,Ahmedabad,False,NEW,📷 ANPR Detection: GJ72FH3375,"Detected at S.G. Highway CCTV Node #06 (23.0225, 72.5714). Watchlist Hit: False"
anpr-ingest-03d0ac19,2026-09-01 13:17:18.913398+00:00,INFO,ANPR_DETECTION,GJ7ZFM3375,6,,,Ahmedabad,False,NEW,📷 ANPR Detection: GJ7ZFM3375,"Detected at S.G. Highway CCTV Node #06 (23.0225, 72.5714). Watchlist Hit: False"
anpr-ingest-005ed383,2026-09-01 13:17:18.715810+00:00,INFO,ANPR_DETECTION,GJ12FH3375,6,,,Ahmedabad,False,NEW,📷 ANPR Detection: GJ12FH3375,"Detected at S.G. Highway CCTV Node #06 (23.0225, 72.5714). Watchlist Hit: False"
anpr-ingest-9d1d004a,2026-09-01 13:17:16.649854+00:00,INFO,ANPR_DETECTION,GJ08CS1920,6,,,Ahmedabad,False,NEW,📷 ANPR Detection: GJ08CS1920,"Detected at S.G. Highway CCTV Node #06 (23.0225, 72.5714). Watchlist Hit: False"
anpr-ingest-26dce73b,2026-09-01 13:17:15.271633+00:00,INFO,ANPR_DETECTION,GJ03ME961,6,,,Ahmedabad,False,NEW,📷 ANPR Detection: GJ03ME961,"Detected at S.G. Highway CCTV Node #06 (23.0225, 72.5714). Watchlist Hit: False"
anpr-ingest-715a751d,2026-09-01 13:17:14.609471+00:00,INFO,ANPR_DETECTION,GJ03ME946,6,,,Ahmedabad,False,NEW,📷 ANPR Detection: GJ03ME946,"Detected at S.G. Highway CCTV Node #06 (23.0225, 72.5714). Watchlist Hit: False"
anpr-ingest-817e34cb,2026-09-01 13:17:14.488545+00:00,INFO,ANPR_DETECTION,GJ03ME9161,6,,,Ahmedabad,False,NEW,📷 ANPR Detection: GJ03ME9161,"Detected at S.G. Highway CCTV Node #06 (23.0225, 72.5714). Watchlist Hit: False"
anpr-ingest-d60cb01b,2026-09-01 13:17:14.351519+00:00,INFO,ANPR_DETECTION,GJ03AE9161,6,,,Ahmedabad,False,NEW,📷 ANPR Detection: GJ03AE9161,"Detected at S.G. Highway CCTV Node #06 (23.0225, 72.5714). Watchlist Hit: False"
anpr-ingest-43c3bf00,2026-09-01 13:17:14.348290+00:00,INFO,ANPR_DETECTION,GJ03ME9461,6,,,Ahmedabad,False,NEW,📷 ANPR Detection: GJ03ME9461,"Detected at S.G. Highway CCTV Node #06 (23.0225, 72.5714). Watchlist Hit: False"
anpr-ingest-ef58502e,2026-09-01 13:17:09.423605+00:00,INFO,ANPR_DETECTION,GJ03PA8466,6,,,Ahmedabad,False,NEW,📷 ANPR Detection: GJ03PA8466,"Detected at S.G. Highway CCTV Node #06 (23.0225, 72.5714). Watchlist Hit: False"
anpr-ingest-2fda007a,2026-09-01 13:17:09.111900+00:00,INFO,ANPR_DETECTION,GJ03PB466,6,,,Ahmedabad,False,NEW,📷 ANPR Detection: GJ03PB466,"Detected at S.G. Highway CCTV Node #06 (23.0225, 72.5714). Watchlist Hit: False"
anpr-ingest-542bb46b,2026-09-01 13:17:09.001339+00:00,INFO,ANPR_DETECTION,GJ27EB893,6,,,Ahmedabad,False,NEW,📷 ANPR Detection: GJ27EB893,"Detected at S.G. Highway CCTV Node #06 (23.0225, 72.5714). Watchlist Hit: False"
anpr-ingest-42e22939,2026-09-01 13:17:08.935055+00:00,INFO,ANPR_DETECTION,GJ03PM8466,6,,,Ahmedabad,False,NEW,📷 ANPR Detection: GJ03PM8466,"Detected at S.G. Highway CCTV Node #06 (23.0225, 72.5714). Watchlist Hit: False"
anpr-ingest-a0c1c7b2,2026-09-01 13:17:08.806809+00:00,INFO,ANPR_DETECTION,GJ03PMB466,6,,,Ahmedabad,False,NEW,📷 ANPR Detection: GJ03PMB466,"Detected at S.G. Highway CCTV Node #06 (23.0225, 72.5714). Watchlist Hit: False"
anpr-ingest-11b209f6,2026-09-01 13:17:08.672065+00:00,INFO,ANPR_DETECTION,GJ03P8466,6,,,Ahmedabad,False,NEW,📷 ANPR Detection: GJ03P8466,"Detected at S.G. Highway CCTV Node #06 (23.0225, 72.5714). Watchlist Hit: False"
anpr-ingest-4440886a,2026-09-01 13:17:07.950874+00:00,INFO,ANPR_DETECTION,GJ27E8489,6,,,Ahmedabad,False,NEW,📷 ANPR Detection: GJ27E8489,"Detected at S.G. Highway CCTV Node #06 (23.0225, 72.5714). Watchlist Hit: False"
anpr-ingest-7b124e62,2026-09-01 13:17:07.741133+00:00,INFO,ANPR_DETECTION,GJ27EB4893,6,,,Ahmedabad,False,NEW,📷 ANPR Detection: GJ27EB4893,"Detected at S.G. Highway CCTV Node #06 (23.0225, 72.5714). Watchlist Hit: False"
anpr-ingest-0c1acd45,2026-09-01 13:17:07.668302+00:00,INFO,ANPR_DETECTION,GJ27E8893,6,,,Ahmedabad,False,NEW,📷 ANPR Detection: GJ27E8893,"Detected at S.G. Highway CCTV Node #06 (23.0225, 72.5714). Watchlist Hit: False"
anpr-ingest-0da16c77,2026-09-01 13:17:07.572288+00:00,INFO,ANPR_DETECTION,GJ27EB1893,6,,,Ahmedabad,False,NEW,📷 ANPR Detection: GJ27EB1893,"Detected at S.G. Highway CCTV Node #06 (23.0225, 72.5714). Watchlist Hit: False"
anpr-ingest-a3fcc2a0,2026-09-01 13:16:33.880409+00:00,INFO,ANPR_DETECTION,GJ1DB2783,6,,,Ahmedabad,False,NEW,📷 ANPR Detection: GJ1DB2783,"Detected at S.G. Highway CCTV Node #06 (23.0225, 72.5714). Watchlist Hit: False"
anpr-ingest-73050b5e,2026-09-01 13:16:32.274956+00:00,INFO,ANPR_DETECTION,GJ11B2783,6,,,Ahmedabad,False,NEW,📷 ANPR Detection: GJ11B2783,"Detected at S.G. Highway CCTV Node #06 (23.0225, 72.5714). Watchlist Hit: False"
anpr-ingest-bb5bec4a,2026-09-01 13:16:31.993357+00:00,INFO,ANPR_DETECTION,GJ11DB2783,6,,,Ahmedabad,False,NEW,📷 ANPR Detection: GJ11DB2783,"Detected at S.G. Highway CCTV Node #06 (23.0225, 72.5714). Watchlist Hit: False"
anpr-ingest-ad402df1,2026-09-01 13:16:31.881954+00:00,INFO,ANPR_DETECTION,GJ110B2783,6,,,Ahmedabad,False,NEW,📷 ANPR Detection: GJ110B2783,"Detected at S.G. Highway CCTV Node #06 (23.0225, 72.5714). Watchlist Hit: False"
anpr-ingest-063f3c0f,2026-09-01 13:16:31.807568+00:00,INFO,ANPR_DETECTION,GJ10B5783,6,,,Ahmedabad,False,NEW,📷 ANPR Detection: GJ10B5783,"Detected at S.G. Highway CCTV Node #06 (23.0225, 72.5714). Watchlist Hit: False"
anpr-ingest-9145dadb,2026-09-01 13:16:13.652247+00:00,INFO,ANPR_DETECTION,GJ068L490,6,,,Ahmedabad,False,NEW,📷 ANPR Detection: GJ068L490,"Detected at S.G. Highway CCTV Node #06 (23.0225, 72.5714). Watchlist Hit: False"
anpr-ingest-255ea333,2026-09-01 13:16:13.219842+00:00,INFO,ANPR_DETECTION,GJ06BL4901,6,,,Ahmedabad,False,NEW,📷 ANPR Detection: GJ06BL4901,"Detected at S.G. Highway CCTV Node #06 (23.0225, 72.5714). Watchlist Hit: False"
anpr-ingest-24e49a1c,2026-09-01 13:15:52.266577+00:00,INFO,ANPR_DETECTION,GJ068D701,7,,,Vadodara,False,NEW,📷 ANPR Detection: GJ068D701,"Detected at Alkapuri Junction CCTV Node #07 (22.3039, 70.8022). Watchlist Hit: False"
anpr-ingest-2b4eb138,2026-09-01 13:15:52.200254+00:00,INFO,ANPR_DETECTION,GJ050D751,7,,,Vadodara,False,NEW,📷 ANPR Detection: GJ050D751,"Detected at Alkapuri Junction CCTV Node #07 (22.3039, 70.8022). Watchlist Hit: False"
anpr-ingest-15b9ee78,2026-09-01 13:15:51.891169+00:00,INFO,ANPR_DETECTION,GJ06RD7501,7,,,Vadodara,False,NEW,📷 ANPR Detection: GJ06RD7501,"Detected at Alkapuri Junction CCTV Node #07 (22.3039, 70.8022). Watchlist Hit: False"
anpr-ingest-bd1fe127,2026-09-01 13:15:42.192085+00:00,INFO,ANPR_DETECTION,GJ35T1566,6,,,Ahmedabad,False,NEW,📷 ANPR Detection: GJ35T1566,"Detected at S.G. Highway CCTV Node #06 (23.0225, 72.5714). Watchlist Hit: False"
anpr-ingest-3cbd549e,2026-09-01 13:15:42.039201+00:00,INFO,ANPR_DETECTION,GJ35T1666,6,,,Ahmedabad,False,NEW,📷 ANPR Detection: GJ35T1666,"Detected at S.G. Highway CCTV Node #06 (23.0225, 72.5714). Watchlist Hit: False"
anpr-ingest-1c1ed755,2026-09-01 13:15:40.124303+00:00,INFO,ANPR_DETECTION,GJ1DB0077,6,,,Ahmedabad,False,NEW,📷 ANPR Detection: GJ1DB0077,"Detected at S.G. Highway CCTV Node #06 (23.0225, 72.5714). Watchlist Hit: False"
anpr-ingest-7bb096ba,2026-09-01 13:15:39.713267+00:00,INFO,ANPR_DETECTION,GJ11DBD077,6,,,Ahmedabad,False,NEW,📷 ANPR Detection: GJ11DBD077,"Detected at S.G. Highway CCTV Node #06 (23.0225, 72.5714). Watchlist Hit: False"
anpr-ingest-64eac0ba,2026-09-01 13:15:39.540064+00:00,INFO,ANPR_DETECTION,GJ110B0072,6,,,Ahmedabad,False,NEW,📷 ANPR Detection: GJ110B0072,"Detected at S.G. Highway CCTV Node #06 (23.0225, 72.5714). Watchlist Hit: False"
anpr-ingest-75a6b54b,2026-09-01 13:15:39.425689+00:00,INFO,ANPR_DETECTION,GJ11DB0077,6,,,Ahmedabad,False,NEW,📷 ANPR Detection: GJ11DB0077,"Detected at S.G. Highway CCTV Node #06 (23.0225, 72.5714). Watchlist Hit: False"
anpr-ingest-fca97807,2026-09-01 13:15:26.171122+00:00,INFO,ANPR_DETECTION,GJ03ER22,6,,,Ahmedabad,False,NEW,📷 ANPR Detection: GJ03ER22,"Detected at S.G. Highway CCTV Node #06 (23.0225, 72.5714). Watchlist Hit: False"
anpr-ingest-c0d75d0d,2026-09-01 13:15:26.033793+00:00,INFO,ANPR_DETECTION,GJ03ER8223,6,,,Ahmedabad,False,NEW,📷 ANPR Detection: GJ03ER8223,"Detected at S.G. Highway CCTV Node #06 (23.0225, 72.5714). Watchlist Hit: False"
anpr-ingest-86cddb19,2026-09-01 13:15:25.738952+00:00,INFO,ANPR_DETECTION,GJ03ER6223,6,,,Ahmedabad,False,NEW,📷 ANPR Detection: GJ03ER6223,"Detected at S.G. Highway CCTV Node #06 (23.0225, 72.5714). Watchlist Hit: False"
anpr-ingest-7f4a4db4,2026-09-01 13:10:12.125315+00:00,INFO,ANPR_DETECTION,GJ06PF729,6,CAM-GJ-AHM-006,S.G. Highway CCTV Node #06,Ahmedabad,False,NEW,📷 ANPR Detection: GJ06PF729,"Detected at S.G. Highway CCTV Node #06 (23.0225, 72.5714). Watchlist Hit: False"
anpr-ingest-ce08c364,2026-09-01 13:10:12.125211+00:00,INFO,ANPR_DETECTION,GJ06PF7290,6,CAM-GJ-AHM-006,S.G. Highway CCTV Node #06,Ahmedabad,False,NEW,📷 ANPR Detection: GJ06PF7290,"Detected at S.G. Highway CCTV Node #06 (23.0225, 72.5714). Watchlist Hit: False"
anpr-ingest-7d91be85,2026-09-01 13:10:11.532579+00:00,INFO,ANPR_DETECTION,GJ03CR60,6,CAM-GJ-AHM-006,S.G. Highway CCTV Node #06,Ahmedabad,False,NEW,📷 ANPR Detection: GJ03CR60,"Detected at S.G. Highway CCTV Node #06 (23.0225, 72.5714). Watchlist Hit: False"
anpr-ingest-48d9d293,2026-09-01 13:10:11.528572+00:00,INFO,ANPR_DETECTION,GJ03CR6018,6,CAM-GJ-AHM-006,S.G. Highway CCTV Node #06,Ahmedabad,False,NEW,📷 ANPR Detection: GJ03CR6018,"Detected at S.G. Highway CCTV Node #06 (23.0225, 72.5714). Watchlist Hit: False"
anpr-ingest-89dcb154,2026-09-01 13:10:11.372622+00:00,INFO,ANPR_DETECTION,GJ03CR601,6,CAM-GJ-AHM-006,S.G. Highway CCTV Node #06,Ahmedabad,False,NEW,📷 ANPR Detection: GJ03CR601,"Detected at S.G. Highway CCTV Node #06 (23.0225, 72.5714). Watchlist Hit: False"
anpr-ingest-b73e8b26,2026-09-01 13:10:11.235894+00:00,INFO,ANPR_DETECTION,GJ03CR5015,6,CAM-GJ-AHM-006,S.G. Highway CCTV Node #06,Ahmedabad,False,NEW,📷 ANPR Detection: GJ03CR5015,"Detected at S.G. Highway CCTV Node #06 (23.0225, 72.5714). Watchlist Hit: False"
anpr-ingest-16dac711,2026-09-01 13:10:05.693731+00:00,INFO,ANPR_DETECTION,GJ03CR6015,6,CAM-GJ-AHM-006,S.G. Highway CCTV Node #06,Ahmedabad,False,NEW,📷 ANPR Detection: GJ03CR6015,"Detected at S.G. Highway CCTV Node #06 (23.0225, 72.5714). Watchlist Hit: False"
anpr-ingest-8afaa8f7,2026-09-01 13:04:37.727648+00:00,INFO,ANPR_DETECTION,GJ11AS49,6,CAM-GJ-AHM-006,S.G. Highway CCTV Node #06,Ahmedabad,False,NEW,📷 ANPR Detection: GJ11AS49,"Detected at S.G. Highway CCTV Node #06 (23.0225, 72.5714). Watchlist Hit: False"
anpr-ingest-9a3671eb,2026-09-01 13:04:37.717793+00:00,INFO,ANPR_DETECTION,GJ1LS4927,6,CAM-GJ-AHM-006,S.G. Highway CCTV Node #06,Ahmedabad,False,NEW,📷 ANPR Detection: GJ1LS4927,"Detected at S.G. Highway CCTV Node #06 (23.0225, 72.5714). Watchlist Hit: False"
anpr-ingest-42d66d46,2026-09-01 13:04:37.708642+00:00,INFO,ANPR_DETECTION,GJ1US492,6,CAM-GJ-AHM-006,S.G. Highway CCTV Node #06,Ahmedabad,False,NEW,📷 ANPR Detection: GJ1US492,"Detected at S.G. Highway CCTV Node #06 (23.0225, 72.5714). Watchlist Hit: False"
anpr-ingest-5abaa65e,2026-09-01 13:04:37.707927+00:00,INFO,ANPR_DETECTION,GJ03LK6573,6,CAM-GJ-AHM-006,S.G. Highway CCTV Node #06,Ahmedabad,False,NEW,📷 ANPR Detection: GJ03LK6573,"Detected at S.G. Highway CCTV Node #06 (23.0225, 72.5714). Watchlist Hit: False"
anpr-ingest-7bac8809,2026-09-01 13:04:37.707235+00:00,INFO,ANPR_DETECTION,GJ11LS4927,6,CAM-GJ-AHM-006,S.G. Highway CCTV Node #06,Ahmedabad,False,NEW,📷 ANPR Detection: GJ11LS4927,"Detected at S.G. Highway CCTV Node #06 (23.0225, 72.5714). Watchlist Hit: False"
anpr-ingest-3fc8ad3a,2026-09-01 13:04:37.706372+00:00,INFO,ANPR_DETECTION,GJ11LS49,6,CAM-GJ-AHM-006,S.G. Highway CCTV Node #06,Ahmedabad,False,NEW,📷 ANPR Detection: GJ11LS49,"Detected at S.G. Highway CCTV Node #06 (23.0225, 72.5714). Watchlist Hit: False"
anpr-ingest-eb784b57,2026-09-01 13:04:37.696751+00:00,INFO,ANPR_DETECTION,GJ11LS492,6,CAM-GJ-AHM-006,S.G. Highway CCTV Node #06,Ahmedabad,False,NEW,📷 ANPR Detection: GJ11LS492,"Detected at S.G. Highway CCTV Node #06 (23.0225, 72.5714). Watchlist Hit: False"
anpr-ingest-56c4dc56,2026-09-01 13:04:37.692232+00:00,INFO,ANPR_DETECTION,GJ1AS492,6,CAM-GJ-AHM-006,S.G. Highway CCTV Node #06,Ahmedabad,False,NEW,📷 ANPR Detection: GJ1AS492,"Detected at S.G. Highway CCTV Node #06 (23.0225, 72.5714). Watchlist Hit: False"
anpr-ingest-5f17b258,2026-09-01 13:04:37.633827+00:00,INFO,ANPR_DETECTION,GJ11S49,6,CAM-GJ-AHM-006,S.G. Highway CCTV Node #06,Ahmedabad,False,NEW,📷 ANPR Detection: GJ11S49,"Detected at S.G. Highway CCTV Node #06 (23.0225, 72.5714). Watchlist Hit: False"
anpr-ingest-5f8baba2,2026-09-01 13:04:36.707092+00:00,INFO,ANPR_DETECTION,GJ11S492,6,CAM-GJ-AHM-006,S.G. Highway CCTV Node #06,Ahmedabad,False,NEW,📷 ANPR Detection: GJ11S492,"Detected at S.G. Highway CCTV Node #06 (23.0225, 72.5714). Watchlist Hit: False"
anpr-ingest-e032593b,2026-09-01 13:04:36.701709+00:00,INFO,ANPR_DETECTION,GJ111S4827,6,CAM-GJ-AHM-006,S.G. Highway CCTV Node #06,Ahmedabad,False,NEW,📷 ANPR Detection: GJ111S4827,"Detected at S.G. Highway CCTV Node #06 (23.0225, 72.5714). Watchlist Hit: False"
anpr-ingest-354efea9,2026-09-01 13:04:36.701275+00:00,INFO,ANPR_DETECTION,GJ111S49,6,CAM-GJ-AHM-006,S.G. Highway CCTV Node #06,Ahmedabad,False,NEW,📷 ANPR Detection: GJ111S49,"Detected at S.G. Highway CCTV Node #06 (23.0225, 72.5714). Watchlist Hit: False"
anpr-ingest-2b6bc2cd,2026-09-01 13:04:36.697227+00:00,INFO,ANPR_DETECTION,GJ111S492,6,CAM-GJ-AHM-006,S.G. Highway CCTV Node #06,Ahmedabad,False,NEW,📷 ANPR Detection: GJ111S492,"Detected at S.G. Highway CCTV Node #06 (23.0225, 72.5714). Watchlist Hit: False"
anpr-ingest-0ba24ef7,2026-09-01 13:04:36.324660+00:00,INFO,ANPR_DETECTION,GJ1UAB27,6,CAM-GJ-AHM-006,S.G. Highway CCTV Node #06,Ahmedabad,False,NEW,📷 ANPR Detection: GJ1UAB27,"Detected at S.G. Highway CCTV Node #06 (23.0225, 72.5714). Watchlist Hit: False"
anpr-ingest-73ab9b15,2026-09-01 13:04:31.663029+00:00,INFO,ANPR_DETECTION,GJ111S4927,6,CAM-GJ-AHM-006,S.G. Highway CCTV Node #06,Ahmedabad,False,NEW,📷 ANPR Detection: GJ111S4927,"Detected at S.G. Highway CCTV Node #06 (23.0225, 72.5714). Watchlist Hit: False"
anpr-ingest-782c5c90,2026-09-01 13:04:31.662251+00:00,INFO,ANPR_DETECTION,GJ03MH9657,6,CAM-GJ-AHM-006,S.G. Highway CCTV Node #06,Ahmedabad,False,NEW,📷 ANPR Detection: GJ03MH9657,"Detected at S.G. Highway CCTV Node #06 (23.0225, 72.5714). Watchlist Hit: False"
anpr-ingest-962dc469,2026-09-01 13:04:31.661380+00:00,INFO,ANPR_DETECTION,GJ03MM9657,6,CAM-GJ-AHM-006,S.G. Highway CCTV Node #06,Ahmedabad,False,NEW,📷 ANPR Detection: GJ03MM9657,"Detected at S.G. Highway CCTV Node #06 (23.0225, 72.5714). Watchlist Hit: False"
anpr-ingest-ea2c3375,2026-09-01 13:04:31.660667+00:00,INFO,ANPR_DETECTION,GJ03MH965,6,CAM-GJ-AHM-006,S.G. Highway CCTV Node #06,Ahmedabad,False,NEW,📷 ANPR Detection: GJ03MH965,"Detected at S.G. Highway CCTV Node #06 (23.0225, 72.5714). Watchlist Hit: False"
anpr-ingest-dc009341,2026-09-01 13:04:31.660550+00:00,INFO,ANPR_DETECTION,GJ1YVV9957,6,CAM-GJ-AHM-006,S.G. Highway CCTV Node #06,Ahmedabad,False,NEW,📷 ANPR Detection: GJ1YVV9957,"Detected at S.G. Highway CCTV Node #06 (23.0225, 72.5714). Watchlist Hit: False"
anpr-ingest-8fbcc04f,2026-09-01 13:04:31.659599+00:00,INFO,ANPR_DETECTION,GJ11S4927,6,CAM-GJ-AHM-006,S.G. Highway CCTV Node #06,Ahmedabad,False,NEW,📷 ANPR Detection: GJ11S4927,"Detected at S.G. Highway CCTV Node #06 (23.0225, 72.5714). Watchlist Hit: False"
anpr-ingest-f7587c91,2026-09-01 13:04:31.033296+00:00,INFO,ANPR_DETECTION,GJ1V5957,6,CAM-GJ-AHM-006,S.G. Highway CCTV Node #06,Ahmedabad,False,NEW,📷 ANPR Detection: GJ1V5957,"Detected at S.G. Highway CCTV Node #06 (23.0225, 72.5714). Watchlist Hit: False"
anpr-ingest-c454de54,2026-09-01 13:04:31.033159+00:00,INFO,ANPR_DETECTION,GJ1V9957,6,CAM-GJ-AHM-006,S.G. Highway CCTV Node #06,Ahmedabad,False,NEW,📷 ANPR Detection: GJ1V9957,"Detected at S.G. Highway CCTV Node #06 (23.0225, 72.5714). Watchlist Hit: False"
anpr-ingest-78bc54f7,2026-09-01 13:04:25.304410+00:00,INFO,ANPR_DETECTION,GJ1199S7,6,CAM-GJ-AHM-006,S.G. Highway CCTV Node #06,Ahmedabad,False,NEW,📷 ANPR Detection: GJ1199S7,"Detected at S.G. Highway CCTV Node #06 (23.0225, 72.5714). Watchlist Hit: False"
anpr-ingest-e1669a33,2026-09-01 13:04:25.303195+00:00,INFO,ANPR_DETECTION,GJ11V957,6,CAM-GJ-AHM-006,S.G. Highway CCTV Node #06,Ahmedabad,False,NEW,📷 ANPR Detection: GJ11V957,"Detected at S.G. Highway CCTV Node #06 (23.0225, 72.5714). Watchlist Hit: False"
anpr-ingest-55db6b3d,2026-09-01 13:04:25.241988+00:00,INFO,ANPR_DETECTION,GJ11T9957,6,CAM-GJ-AHM-006,S.G. Highway CCTV Node #06,Ahmedabad,False,NEW,📷 ANPR Detection: GJ11T9957,"Detected at S.G. Highway CCTV Node #06 (23.0225, 72.5714). Watchlist Hit: False"
anpr-ingest-0fab67f6,2026-09-01 13:04:11.838624+00:00,INFO,ANPR_DETECTION,GJ18R3000,6,CAM-GJ-AHM-006,S.G. Highway CCTV Node #06,Ahmedabad,False,NEW,📷 ANPR Detection: GJ18R3000,"Detected at S.G. Highway CCTV Node #06 (23.0225, 72.5714). Watchlist Hit: False"
anpr-ingest-598623ec,2026-09-01 13:04:10.978874+00:00,INFO,ANPR_DETECTION,GJ1BR3000,6,CAM-GJ-AHM-006,S.G. Highway CCTV Node #06,Ahmedabad,False,NEW,📷 ANPR Detection: GJ1BR3000,"Detected at S.G. Highway CCTV Node #06 (23.0225, 72.5714). Watchlist Hit: False"
anpr-ingest-eafb512b,2026-09-01 13:04:10.889838+00:00,INFO,ANPR_DETECTION,GJ9BR3000,6,CAM-GJ-AHM-006,S.G. Highway CCTV Node #06,Ahmedabad,False,NEW,📷 ANPR Detection: GJ9BR3000,"Detected at S.G. Highway CCTV Node #06 (23.0225, 72.5714). Watchlist Hit: False"
anpr-ingest-dab4bfcc,2026-09-01 13:04:10.764437+00:00,INFO,ANPR_DETECTION,GJ19BR3000,6,CAM-GJ-AHM-006,S.G. Highway CCTV Node #06,Ahmedabad,False,NEW,📷 ANPR Detection: GJ19BR3000,"Detected at S.G. Highway CCTV Node #06 (23.0225, 72.5714). Watchlist Hit: False"
anpr-ingest-8eaebf2d,2026-09-01 13:04:10.664028+00:00,INFO,ANPR_DETECTION,GJ198R3000,6,CAM-GJ-AHM-006,S.G. Highway CCTV Node #06,Ahmedabad,False,NEW,📷 ANPR Detection: GJ198R3000,"Detected at S.G. Highway CCTV Node #06 (23.0225, 72.5714). Watchlist Hit: False"
anpr-ingest-6bb32ba2,2026-09-01 13:04:02.816086+00:00,INFO,ANPR_DETECTION,GJ36AR290,6,CAM-GJ-AHM-006,S.G. Highway CCTV Node #06,Ahmedabad,False,NEW,📷 ANPR Detection: GJ36AR290,"Detected at S.G. Highway CCTV Node #06 (23.0225, 72.5714). Watchlist Hit: False"
anpr-ingest-ea5d8d9a,2026-09-01 13:04:02.802596+00:00,INFO,ANPR_DETECTION,GJ361R290,6,CAM-GJ-AHM-006,S.G. Highway CCTV Node #06,Ahmedabad,False,NEW,📷 ANPR Detection: GJ361R290,"Detected at S.G. Highway CCTV Node #06 (23.0225, 72.5714). Watchlist Hit: False"
anpr-ingest-0394cd48,2026-09-01 13:04:02.799989+00:00,INFO,ANPR_DETECTION,GJ06AR290,6,CAM-GJ-AHM-006,S.G. Highway CCTV Node #06,Ahmedabad,False,NEW,📷 ANPR Detection: GJ06AR290,"Detected at S.G. Highway CCTV Node #06 (23.0225, 72.5714). Watchlist Hit: False"
anpr-ingest-0ee8e049,2026-09-01 13:04:02.518240+00:00,INFO,ANPR_DETECTION,GJ1AS711,6,CAM-GJ-AHM-006,S.G. Highway CCTV Node #06,Ahmedabad,False,NEW,📷 ANPR Detection: GJ1AS711,"Detected at S.G. Highway CCTV Node #06 (23.0225, 72.5714). Watchlist Hit: False"
anpr-ingest-c88af44e,2026-09-01 13:04:02.432795+00:00,INFO,ANPR_DETECTION,GJ1TS7119,6,CAM-GJ-AHM-006,S.G. Highway CCTV Node #06,Ahmedabad,False,NEW,📷 ANPR Detection: GJ1TS7119,"Detected at S.G. Highway CCTV Node #06 (23.0225, 72.5714). Watchlist Hit: False"
anpr-ingest-cbe68099,2026-09-01 13:04:02.415371+00:00,INFO,ANPR_DETECTION,GJ1TAS7119,6,CAM-GJ-AHM-006,S.G. Highway CCTV Node #06,Ahmedabad,False,NEW,📷 ANPR Detection: GJ1TAS7119,"Detected at S.G. Highway CCTV Node #06 (23.0225, 72.5714). Watchlist Hit: False"
anpr-ingest-5c591680,2026-09-01 13:04:02.415310+00:00,INFO,ANPR_DETECTION,GJ1TIS7119,6,CAM-GJ-AHM-006,S.G. Highway CCTV Node #06,Ahmedabad,False,NEW,📷 ANPR Detection: GJ1TIS7119,"Detected at S.G. Highway CCTV Node #06 (23.0225, 72.5714). Watchlist Hit: False"
anpr-ingest-e01857d2,2026-09-01 13:04:02.407067+00:00,INFO,ANPR_DETECTION,GJ1AS7119,6,CAM-GJ-AHM-006,S.G. Highway CCTV Node #06,Ahmedabad,False,NEW,📷 ANPR Detection: GJ1AS7119,"Detected at S.G. Highway CCTV Node #06 (23.0225, 72.5714). Watchlist Hit: False"
anpr-ingest-d7dc2bbf,2026-09-01 13:04:02.113214+00:00,INFO,ANPR_DETECTION,GJ1S7119,6,CAM-GJ-AHM-006,S.G. Highway CCTV Node #06,Ahmedabad,False,NEW,📷 ANPR Detection: GJ1S7119,"Detected at S.G. Highway CCTV Node #06 (23.0225, 72.5714). Watchlist Hit: False"
anpr-ingest-cf954438,2026-09-01 13:04:02.098509+00:00,INFO,ANPR_DETECTION,GJ11AS7119,6,CAM-GJ-AHM-006,S.G. Highway CCTV Node #06,Ahmedabad,False,NEW,📷 ANPR Detection: GJ11AS7119,"Detected at S.G. Highway CCTV Node #06 (23.0225, 72.5714). Watchlist Hit: False"
anpr-ingest-24e6e1c1,2026-09-01 13:04:02.097854+00:00,INFO,ANPR_DETECTION,GJ11S7119,6,CAM-GJ-AHM-006,S.G. Highway CCTV Node #06,Ahmedabad,False,NEW,📷 ANPR Detection: GJ11S7119,"Detected at S.G. Highway CCTV Node #06 (23.0225, 72.5714). Watchlist Hit: False"
anpr-ingest-e7148cef,2026-09-01 13:04:02.097729+00:00,INFO,ANPR_DETECTION,GJ11LS7119,6,CAM-GJ-AHM-006,S.G. Highway CCTV Node #06,Ahmedabad,False,NEW,📷 ANPR Detection: GJ11LS7119,"Detected at S.G. Highway CCTV Node #06 (23.0225, 72.5714). Watchlist Hit: False"
anpr-ingest-c6d48afe,2026-09-01 13:04:02.097228+00:00,INFO,ANPR_DETECTION,GJ111S7119,6,CAM-GJ-AHM-006,S.G. Highway CCTV Node #06,Ahmedabad,False,NEW,📷 ANPR Detection: GJ111S7119,"Detected at S.G. Highway CCTV Node #06 (23.0225, 72.5714). Watchlist Hit: False"
anpr-ingest-af467cf3,2026-09-01 13:04:01.492936+00:00,INFO,ANPR_DETECTION,GJ11CQ731,6,CAM-GJ-AHM-006,S.G. Highway CCTV Node #06,Ahmedabad,False,NEW,📷 ANPR Detection: GJ11CQ731,"Detected at S.G. Highway CCTV Node #06 (23.0225, 72.5714). Watchlist Hit: False"
anpr-ingest-1977ee5a,2026-09-01 13:04:01.476482+00:00,INFO,ANPR_DETECTION,GJ11C071,6,CAM-GJ-AHM-006,S.G. Highway CCTV Node #06,Ahmedabad,False,NEW,📷 ANPR Detection: GJ11C071,"Detected at S.G. Highway CCTV Node #06 (23.0225, 72.5714). Watchlist Hit: False"
anpr-ingest-af235e83,2026-09-01 13:04:01.390648+00:00,INFO,ANPR_DETECTION,GJ11CA731,6,CAM-GJ-AHM-006,S.G. Highway CCTV Node #06,Ahmedabad,False,NEW,📷 ANPR Detection: GJ11CA731,"Detected at S.G. Highway CCTV Node #06 (23.0225, 72.5714). Watchlist Hit: False"
anpr-ingest-19548b33,2026-09-01 13:04:00.612543+00:00,INFO,ANPR_DETECTION,GJ11C7311,6,CAM-GJ-AHM-006,S.G. Highway CCTV Node #06,Ahmedabad,False,NEW,📷 ANPR Detection: GJ11C7311,"Detected at S.G. Highway CCTV Node #06 (23.0225, 72.5714). Watchlist Hit: False"
anpr-ingest-52596079,2026-09-01 13:03:50.803689+00:00,INFO,ANPR_DETECTION,GJ11CD7311,6,CAM-GJ-AHM-006,S.G. Highway CCTV Node #06,Ahmedabad,False,NEW,📷 ANPR Detection: GJ11CD7311,"Detected at S.G. Highway CCTV Node #06 (23.0225, 72.5714). Watchlist Hit: False"
anpr-ingest-dc8d9826,2026-09-01 13:03:50.562289+00:00,INFO,ANPR_DETECTION,GJ11C0730,6,CAM-GJ-AHM-006,S.G. Highway CCTV Node #06,Ahmedabad,False,NEW,📷 ANPR Detection: GJ11C0730,"Detected at S.G. Highway CCTV Node #06 (23.0225, 72.5714). Watchlist Hit: False"
anpr-ingest-76d10712,2026-09-01 13:03:50.558927+00:00,INFO,ANPR_DETECTION,GJ11C0731,6,CAM-GJ-AHM-006,S.G. Highway CCTV Node #06,Ahmedabad,False,NEW,📷 ANPR Detection: GJ11C0731,"Detected at S.G. Highway CCTV Node #06 (23.0225, 72.5714). Watchlist Hit: False"
anpr-ingest-a695f852,2026-09-01 13:03:50.558860+00:00,INFO,ANPR_DETECTION,GJ11C4731,6,CAM-GJ-AHM-006,S.G. Highway CCTV Node #06,Ahmedabad,False,NEW,📷 ANPR Detection: GJ11C4731,"Detected at S.G. Highway CCTV Node #06 (23.0225, 72.5714). Watchlist Hit: False"
anpr-ingest-f8f2cd01,2026-09-01 13:03:50.558702+00:00,INFO,ANPR_DETECTION,GJ11C073,6,CAM-GJ-AHM-006,S.G. Highway CCTV Node #06,Ahmedabad,False,NEW,📷 ANPR Detection: GJ11C073,"Detected at S.G. Highway CCTV Node #06 (23.0225, 72.5714). Watchlist Hit: False"
anpr-ingest-003c936d,2026-09-01 13:03:23.940935+00:00,INFO,ANPR_DETECTION,GJ1U9597,6,CAM-GJ-AHM-006,S.G. Highway CCTV Node #06,Ahmedabad,False,NEW,📷 ANPR Detection: GJ1U9597,"Detected at S.G. Highway CCTV Node #06 (23.0225, 72.5714). Watchlist Hit: False"
anpr-ingest-0257828c,2026-09-01 13:03:23.939132+00:00,INFO,ANPR_DETECTION,GJ1L9597,6,CAM-GJ-AHM-006,S.G. Highway CCTV Node #06,Ahmedabad,False,NEW,📷 ANPR Detection: GJ1L9597,"Detected at S.G. Highway CCTV Node #06 (23.0225, 72.5714). Watchlist Hit: False"
anpr-ingest-e3ec495c,2026-09-01 13:03:23.769236+00:00,INFO,ANPR_DETECTION,GJ1A9591,6,CAM-GJ-AHM-006,S.G. Highway CCTV Node #06,Ahmedabad,False,NEW,📷 ANPR Detection: GJ1A9591,"Detected at S.G. Highway CCTV Node #06 (23.0225, 72.5714). Watchlist Hit: False"
anpr-ingest-229e2708,2026-09-01 13:03:23.768551+00:00,INFO,ANPR_DETECTION,GJ1A9597,6,CAM-GJ-AHM-006,S.G. Highway CCTV Node #06,Ahmedabad,False,NEW,📷 ANPR Detection: GJ1A9597,"Detected at S.G. Highway CCTV Node #06 (23.0225, 72.5714). Watchlist Hit: False"
anpr-ingest-a47930d8,2026-09-01 13:03:23.767849+00:00,INFO,ANPR_DETECTION,GJ1BH3859,6,CAM-GJ-AHM-006,S.G. Highway CCTV Node #06,Ahmedabad,False,NEW,📷 ANPR Detection: GJ1BH3859,"Detected at S.G. Highway CCTV Node #06 (23.0225, 72.5714). Watchlist Hit: False"
anpr-ingest-2af65235,2026-09-01 13:03:23.758709+00:00,INFO,ANPR_DETECTION,GJ11B3859,6,CAM-GJ-AHM-006,S.G. Highway CCTV Node #06,Ahmedabad,False,NEW,📷 ANPR Detection: GJ11B3859,"Detected at S.G. Highway CCTV Node #06 (23.0225, 72.5714). Watchlist Hit: False"
anpr-ingest-0ef53913,2026-09-01 13:03:22.820310+00:00,INFO,ANPR_DETECTION,GJ11BH3859,6,CAM-GJ-AHM-006,S.G. Highway CCTV Node #06,Ahmedabad,False,NEW,📷 ANPR Detection: GJ11BH3859,"Detected at S.G. Highway CCTV Node #06 (23.0225, 72.5714). Watchlist Hit: False"
anpr-ingest-ccb6a3c7,2026-09-01 13:03:08.644629+00:00,INFO,ANPR_DETECTION,GJ11CLD500,6,CAM-GJ-AHM-006,S.G. Highway CCTV Node #06,Ahmedabad,False,NEW,📷 ANPR Detection: GJ11CLD500,"Detected at S.G. Highway CCTV Node #06 (23.0225, 72.5714). Watchlist Hit: False"
anpr-ingest-eaff37ca,2026-09-01 13:03:08.630624+00:00,INFO,ANPR_DETECTION,GJ11CL0500,6,CAM-GJ-AHM-006,S.G. Highway CCTV Node #06,Ahmedabad,False,NEW,📷 ANPR Detection: GJ11CL0500,"Detected at S.G. Highway CCTV Node #06 (23.0225, 72.5714). Watchlist Hit: False"
anpr-ingest-3d7867a7,2026-09-01 13:03:08.615690+00:00,INFO,ANPR_DETECTION,GJ1ICL0500,6,CAM-GJ-AHM-006,S.G. Highway CCTV Node #06,Ahmedabad,False,NEW,📷 ANPR Detection: GJ1ICL0500,"Detected at S.G. Highway CCTV Node #06 (23.0225, 72.5714). Watchlist Hit: False"
anpr-ingest-a47c43ac,2026-09-01 13:03:03.442487+00:00,INFO,ANPR_DETECTION,RJ4GE1559,12,CAM-GJ-SUR-012,Ring Road Express CCTV Node #12,Surat,False,NEW,📷 ANPR Detection: RJ4GE1559,"Detected at Ring Road Express CCTV Node #12 (21.1702, 72.8311). Watchlist Hit: False"
anpr-ingest-1dfa4b80,2026-09-01 13:03:03.442460+00:00,INFO,ANPR_DETECTION,RJ45CJ1555,12,CAM-GJ-SUR-012,Ring Road Express CCTV Node #12,Surat,False,NEW,📷 ANPR Detection: RJ45CJ1555,"Detected at Ring Road Express CCTV Node #12 (21.1702, 72.8311). Watchlist Hit: False"
anpr-ingest-29ebe1f8,2026-09-01 13:03:03.436383+00:00,INFO,ANPR_DETECTION,RJ46EA1555,12,CAM-GJ-SUR-012,Ring Road Express CCTV Node #12,Surat,False,NEW,📷 ANPR Detection: RJ46EA1555,"Detected at Ring Road Express CCTV Node #12 (21.1702, 72.8311). Watchlist Hit: False"
anpr-ingest-d5d8bb6f,2026-09-01 13:03:03.313460+00:00,INFO,ANPR_DETECTION,RJ45EA1555,12,CAM-GJ-SUR-012,Ring Road Express CCTV Node #12,Surat,False,NEW,📷 ANPR Detection: RJ45EA1555,"Detected at Ring Road Express CCTV Node #12 (21.1702, 72.8311). Watchlist Hit: False"
anpr-ingest-02982cb9,2026-09-01 13:03:03.179326+00:00,INFO,ANPR_DETECTION,RJ6E1555,12,CAM-GJ-SUR-012,Ring Road Express CCTV Node #12,Surat,False,NEW,📷 ANPR Detection: RJ6E1555,"Detected at Ring Road Express CCTV Node #12 (21.1702, 72.8311). Watchlist Hit: False"
anpr-ingest-350789e0,2026-09-01 13:02:58.996171+00:00,INFO,ANPR_DETECTION,RJ46E155,12,CAM-GJ-SUR-012,Ring Road Express CCTV Node #12,Surat,False,NEW,📷 ANPR Detection: RJ46E155,"Detected at Ring Road Express CCTV Node #12 (21.1702, 72.8311). Watchlist Hit: False"
anpr-ingest-72207c26,2026-09-01 13:02:54.877856+00:00,INFO,ANPR_DETECTION,RJ66E1555,12,CAM-GJ-SUR-012,Ring Road Express CCTV Node #12,Surat,False,NEW,📷 ANPR Detection: RJ66E1555,"Detected at Ring Road Express CCTV Node #12 (21.1702, 72.8311). Watchlist Hit: False"
anpr-ingest-31c778b1,2026-09-01 13:02:54.877811+00:00,INFO,ANPR_DETECTION,RJ6E155,12,CAM-GJ-SUR-012,Ring Road Express CCTV Node #12,Surat,False,NEW,📷 ANPR Detection: RJ6E155,"Detected at Ring Road Express CCTV Node #12 (21.1702, 72.8311). Watchlist Hit: False"
anpr-ingest-b744d298,2026-09-01 13:02:54.877808+00:00,INFO,ANPR_DETECTION,RJ46E1555,12,CAM-GJ-SUR-012,Ring Road Express CCTV Node #12,Surat,False,NEW,📷 ANPR Detection: RJ46E1555,"Detected at Ring Road Express CCTV Node #12 (21.1702, 72.8311). Watchlist Hit: False"
anpr-ingest-4174e616,2026-09-01 13:02:18.681309+00:00,INFO,ANPR_DETECTION,GJ11CD338,6,CAM-GJ-AHM-006,S.G. Highway CCTV Node #06,Ahmedabad,False,NEW,📷 ANPR Detection: GJ11CD338,"Detected at S.G. Highway CCTV Node #06 (23.0225, 72.5714). Watchlist Hit: False"
anpr-ingest-e08c95e3,2026-09-01 13:02:13.687645+00:00,INFO,ANPR_DETECTION,GJ11CD3386,6,CAM-GJ-AHM-006,S.G. Highway CCTV Node #06,Ahmedabad,False,NEW,📷 ANPR Detection: GJ11CD3386,"Detected at S.G. Highway CCTV Node #06 (23.0225, 72.5714). Watchlist Hit: False"
anpr-ingest-21d6a75d,2026-09-01 13:01:44.565733+00:00,INFO,ANPR_DETECTION,GJ1IS438,6,CAM-GJ-AHM-006,S.G. Highway CCTV Node #06,Ahmedabad,False,NEW,📷 ANPR Detection: GJ1IS438,"Detected at S.G. Highway CCTV Node #06 (23.0225, 72.5714). Watchlist Hit: False"
anpr-ingest-5337f723,2026-09-01 13:01:44.565107+00:00,INFO,ANPR_DETECTION,GJ1TS4318,6,CAM-GJ-AHM-006,S.G. Highway CCTV Node #06,Ahmedabad,False,NEW,📷 ANPR Detection: GJ1TS4318,"Detected at S.G. Highway CCTV Node #06 (23.0225, 72.5714). Watchlist Hit: False"
anpr-ingest-7cc093e5,2026-09-01 13:01:44.564620+00:00,INFO,ANPR_DETECTION,GJ1LS4318,6,CAM-GJ-AHM-006,S.G. Highway CCTV Node #06,Ahmedabad,False,NEW,📷 ANPR Detection: GJ1LS4318,"Detected at S.G. Highway CCTV Node #06 (23.0225, 72.5714). Watchlist Hit: False"
anpr-ingest-491a7266,2026-09-01 13:01:44.278796+00:00,INFO,ANPR_DETECTION,GJ11S4318,6,CAM-GJ-AHM-006,S.G. Highway CCTV Node #06,Ahmedabad,False,NEW,📷 ANPR Detection: GJ11S4318,"Detected at S.G. Highway CCTV Node #06 (23.0225, 72.5714). Watchlist Hit: False"
anpr-ingest-f1e056f3,2026-09-01 13:01:44.278794+00:00,INFO,ANPR_DETECTION,GJ11SJ318,6,CAM-GJ-AHM-006,S.G. Highway CCTV Node #06,Ahmedabad,False,NEW,📷 ANPR Detection: GJ11SJ318,"Detected at S.G. Highway CCTV Node #06 (23.0225, 72.5714). Watchlist Hit: False"
anpr-ingest-0ad22eb0,2026-09-01 13:01:35.069363+00:00,INFO,ANPR_DETECTION,GJ1L8225,6,CAM-GJ-AHM-006,S.G. Highway CCTV Node #06,Ahmedabad,False,NEW,📷 ANPR Detection: GJ1L8225,"Detected at S.G. Highway CCTV Node #06 (23.0225, 72.5714). Watchlist Hit: False"
anpr-ingest-085f2b2e,2026-09-01 13:01:34.985373+00:00,INFO,ANPR_DETECTION,GJ11L8225,6,CAM-GJ-AHM-006,S.G. Highway CCTV Node #06,Ahmedabad,False,NEW,📷 ANPR Detection: GJ11L8225,"Detected at S.G. Highway CCTV Node #06 (23.0225, 72.5714). Watchlist Hit: False"
anpr-ingest-777b9817,2026-09-01 13:01:31.095220+00:00,INFO,ANPR_DETECTION,GJ11BW2513,6,CAM-GJ-AHM-006,S.G. Highway CCTV Node #06,Ahmedabad,False,NEW,📷 ANPR Detection: GJ11BW2513,"Detected at S.G. Highway CCTV Node #06 (23.0225, 72.5714). Watchlist Hit: False"
anpr-ingest-8b638f6b,2026-09-01 13:01:31.094654+00:00,INFO,ANPR_DETECTION,GJ10L8225,6,CAM-GJ-AHM-006,S.G. Highway CCTV Node #06,Ahmedabad,False,NEW,📷 ANPR Detection: GJ10L8225,"Detected at S.G. Highway CCTV Node #06 (23.0225, 72.5714). Watchlist Hit: False"
anpr-ingest-18bc4079,2026-09-01 13:01:31.094554+00:00,INFO,ANPR_DETECTION,GJ11CL8225,6,CAM-GJ-AHM-006,S.G. Highway CCTV Node #06,Ahmedabad,False,NEW,📷 ANPR Detection: GJ11CL8225,"Detected at S.G. Highway CCTV Node #06 (23.0225, 72.5714). Watchlist Hit: False"
anpr-ingest-eda81ad3,2026-09-01 13:01:31.094034+00:00,INFO,ANPR_DETECTION,GJ110L8225,6,CAM-GJ-AHM-006,S.G. Highway CCTV Node #06,Ahmedabad,False,NEW,📷 ANPR Detection: GJ110L8225,"Detected at S.G. Highway CCTV Node #06 (23.0225, 72.5714). Watchlist Hit: False"
anpr-ingest-b439d62f,2026-09-01 13:01:31.093311+00:00,INFO,ANPR_DETECTION,GJ110L8215,6,CAM-GJ-AHM-006,S.G. Highway CCTV Node #06,Ahmedabad,False,NEW,📷 ANPR Detection: GJ110L8215,"Detected at S.G. Highway CCTV Node #06 (23.0225, 72.5714). Watchlist Hit: False"
anpr-ingest-d087be25,2026-09-01 13:01:31.093262+00:00,INFO,ANPR_DETECTION,GJ1CL8225,6,CAM-GJ-AHM-006,S.G. Highway CCTV Node #06,Ahmedabad,False,NEW,📷 ANPR Detection: GJ1CL8225,"Detected at S.G. Highway CCTV Node #06 (23.0225, 72.5714). Watchlist Hit: False"
anpr-ingest-ead56ca6,2026-09-01 13:01:30.546409+00:00,INFO,ANPR_DETECTION,GJ118R251,6,CAM-GJ-AHM-006,S.G. Highway CCTV Node #06,Ahmedabad,False,NEW,📷 ANPR Detection: GJ118R251,"Detected at S.G. Highway CCTV Node #06 (23.0225, 72.5714). Watchlist Hit: False"
anpr-ingest-a95d4f76,2026-09-01 13:01:30.180724+00:00,INFO,ANPR_DETECTION,GJ1BR2513,6,CAM-GJ-AHM-006,S.G. Highway CCTV Node #06,Ahmedabad,False,NEW,📷 ANPR Detection: GJ1BR2513,"Detected at S.G. Highway CCTV Node #06 (23.0225, 72.5714). Watchlist Hit: False"
anpr-ingest-20416e33,2026-09-01 13:01:30.168988+00:00,INFO,ANPR_DETECTION,GJ10B5083,6,CAM-GJ-AHM-006,S.G. Highway CCTV Node #06,Ahmedabad,False,NEW,📷 ANPR Detection: GJ10B5083,"Detected at S.G. Highway CCTV Node #06 (23.0225, 72.5714). Watchlist Hit: False"
anpr-ingest-775e806e,2026-09-01 13:01:30.167714+00:00,INFO,ANPR_DETECTION,GJ118R2513,6,CAM-GJ-AHM-006,S.G. Highway CCTV Node #06,Ahmedabad,False,NEW,📷 ANPR Detection: GJ118R2513,"Detected at S.G. Highway CCTV Node #06 (23.0225, 72.5714). Watchlist Hit: False"
anpr-ingest-756b7793,2026-09-01 13:01:30.167605+00:00,INFO,ANPR_DETECTION,GJ118R2511,6,CAM-GJ-AHM-006,S.G. Highway CCTV Node #06,Ahmedabad,False,NEW,📷 ANPR Detection: GJ118R2511,"Detected at S.G. Highway CCTV Node #06 (23.0225, 72.5714). Watchlist Hit: False"
anpr-ingest-2f5d3e6c,2026-09-01 13:01:30.167373+00:00,INFO,ANPR_DETECTION,GJ110B9063,6,CAM-GJ-AHM-006,S.G. Highway CCTV Node #06,Ahmedabad,False,NEW,📷 ANPR Detection: GJ110B9063,"Detected at S.G. Highway CCTV Node #06 (23.0225, 72.5714). Watchlist Hit: False"
anpr-ingest-5cb894e4,2026-09-01 13:01:30.158967+00:00,INFO,ANPR_DETECTION,GJ11BR251,6,CAM-GJ-AHM-006,S.G. Highway CCTV Node #06,Ahmedabad,False,NEW,📷 ANPR Detection: GJ11BR251,"Detected at S.G. Highway CCTV Node #06 (23.0225, 72.5714). Watchlist Hit: False"
anpr-ingest-1dbfaf7f,2026-09-01 13:01:30.158518+00:00,INFO,ANPR_DETECTION,GJ11BR2513,6,CAM-GJ-AHM-006,S.G. Highway CCTV Node #06,Ahmedabad,False,NEW,📷 ANPR Detection: GJ11BR2513,"Detected at S.G. Highway CCTV Node #06 (23.0225, 72.5714). Watchlist Hit: False"
anpr-ingest-2e59d3d1,2026-09-01 13:01:30.157899+00:00,INFO,ANPR_DETECTION,GJ1DB9063,6,CAM-GJ-AHM-006,S.G. Highway CCTV Node #06,Ahmedabad,False,NEW,📷 ANPR Detection: GJ1DB9063,"Detected at S.G. Highway CCTV Node #06 (23.0225, 72.5714). Watchlist Hit: False"
anpr-ingest-e43a934b,2026-09-01 13:01:30.094389+00:00,INFO,ANPR_DETECTION,GJ11DB9063,6,CAM-GJ-AHM-006,S.G. Highway CCTV Node #06,Ahmedabad,False,NEW,📷 ANPR Detection: GJ11DB9063,"Detected at S.G. Highway CCTV Node #06 (23.0225, 72.5714). Watchlist Hit: False"
anpr-ingest-fa4a9387,2026-09-01 13:01:30.093675+00:00,INFO,ANPR_DETECTION,GJ11BR25,6,CAM-GJ-AHM-006,S.G. Highway CCTV Node #06,Ahmedabad,False,NEW,📷 ANPR Detection: GJ11BR25,"Detected at S.G. Highway CCTV Node #06 (23.0225, 72.5714). Watchlist Hit: False"
anpr-ingest-53f37c7e,2026-09-01 13:01:30.092980+00:00,INFO,ANPR_DETECTION,GJ11B9083,6,CAM-GJ-AHM-006,S.G. Highway CCTV Node #06,Ahmedabad,False,NEW,📷 ANPR Detection: GJ11B9083,"Detected at S.G. Highway CCTV Node #06 (23.0225, 72.5714). Watchlist Hit: False"
anpr-ingest-8b89a39b,2026-09-01 13:01:29.445449+00:00,INFO,ANPR_DETECTION,GJ11DB9083,6,CAM-GJ-AHM-006,S.G. Highway CCTV Node #06,Ahmedabad,False,NEW,📷 ANPR Detection: GJ11DB9083,"Detected at S.G. Highway CCTV Node #06 (23.0225, 72.5714). Watchlist Hit: False"
anpr-ingest-bd45f1f4,2026-09-01 13:01:29.267217+00:00,INFO,ANPR_DETECTION,GJ1NBB063,6,CAM-GJ-AHM-006,S.G. Highway CCTV Node #06,Ahmedabad,False,NEW,📷 ANPR Detection: GJ1NBB063,"Detected at S.G. Highway CCTV Node #06 (23.0225, 72.5714). Watchlist Hit: False"
anpr-ingest-ba8be2cb,2026-09-01 13:01:13.956011+00:00,INFO,ANPR_DETECTION,GJ324G151,7,CAM-GJ-VAD-007,Alkapuri Junction CCTV Node #07,Vadodara,False,NEW,📷 ANPR Detection: GJ324G151,"Detected at Alkapuri Junction CCTV Node #07 (22.3039, 70.8022). Watchlist Hit: False"
anpr-ingest-9803915a,2026-09-01 13:01:13.952433+00:00,INFO,ANPR_DETECTION,GJ3AG1548,7,CAM-GJ-VAD-007,Alkapuri Junction CCTV Node #07,Vadodara,False,NEW,📷 ANPR Detection: GJ3AG1548,"Detected at Alkapuri Junction CCTV Node #07 (22.3039, 70.8022). Watchlist Hit: False"
anpr-ingest-fc020e5e,2026-09-01 13:00:22.010278+00:00,INFO,ANPR_DETECTION,GJ18EFB465,6,CAM-GJ-AHM-006,S.G. Highway CCTV Node #06,Ahmedabad,False,NEW,📷 ANPR Detection: GJ18EFB465,"Detected at S.G. Highway CCTV Node #06 (23.0225, 72.5714). Watchlist Hit: False"
anpr-ingest-e096688f,2026-09-01 13:00:21.971304+00:00,INFO,ANPR_DETECTION,GJ18EF6485,6,CAM-GJ-AHM-006,S.G. Highway CCTV Node #06,Ahmedabad,False,NEW,📷 ANPR Detection: GJ18EF6485,"Detected at S.G. Highway CCTV Node #06 (23.0225, 72.5714). Watchlist Hit: False"
anpr-ingest-c3023506,2026-09-01 13:00:21.874613+00:00,INFO,ANPR_DETECTION,GJ18EF6465,6,CAM-GJ-AHM-006,S.G. Highway CCTV Node #06,Ahmedabad,False,NEW,📷 ANPR Detection: GJ18EF6465,"Detected at S.G. Highway CCTV Node #06 (23.0225, 72.5714). Watchlist Hit: False"
anpr-ingest-21c90dda,2026-09-01 13:00:18.243217+00:00,INFO,ANPR_DETECTION,GJ1BEF8469,6,CAM-GJ-AHM-006,S.G. Highway CCTV Node #06,Ahmedabad,False,NEW,📷 ANPR Detection: GJ1BEF8469,"Detected at S.G. Highway CCTV Node #06 (23.0225, 72.5714). Watchlist Hit: False"
anpr-ingest-8950a260,2026-09-01 13:00:18.242384+00:00,INFO,ANPR_DETECTION,GJ1BEF6465,6,CAM-GJ-AHM-006,S.G. Highway CCTV Node #06,Ahmedabad,False,NEW,📷 ANPR Detection: GJ1BEF6465,"Detected at S.G. Highway CCTV Node #06 (23.0225, 72.5714). Watchlist Hit: False"
anpr-ingest-0e578a97,2026-09-01 13:00:18.242360+00:00,INFO,ANPR_DETECTION,GJ1BEF6469,6,CAM-GJ-AHM-006,S.G. Highway CCTV Node #06,Ahmedabad,False,NEW,📷 ANPR Detection: GJ1BEF6469,"Detected at S.G. Highway CCTV Node #06 (23.0225, 72.5714). Watchlist Hit: False"
anpr-ingest-abe59036,2026-09-01 13:00:17.969552+00:00,INFO,ANPR_DETECTION,GJ1BEF649,6,CAM-GJ-AHM-006,S.G. Highway CCTV Node #06,Ahmedabad,False,NEW,📷 ANPR Detection: GJ1BEF649,"Detected at S.G. Highway CCTV Node #06 (23.0225, 72.5714). Watchlist Hit: False"
anpr-ingest-7c4eb5f1,2026-09-01 13:00:17.969526+00:00,INFO,ANPR_DETECTION,GJ1BEF8465,6,CAM-GJ-AHM-006,S.G. Highway CCTV Node #06,Ahmedabad,False,NEW,📷 ANPR Detection: GJ1BEF8465,"Detected at S.G. Highway CCTV Node #06 (23.0225, 72.5714). Watchlist Hit: False"
anpr-ingest-67afd8ae,2026-09-01 12:59:52.775055+00:00,INFO,ANPR_DETECTION,GJ05RC9803,6,CAM-GJ-AHM-006,S.G. Highway CCTV Node #06,Ahmedabad,False,NEW,📷 ANPR Detection: GJ05RC9803,"Detected at S.G. Highway CCTV Node #06 (23.0225, 72.5714). Watchlist Hit: False"
anpr-ingest-1f603990,2026-09-01 12:59:44.917732+00:00,INFO,ANPR_DETECTION,GJ03XP7434,6,CAM-GJ-AHM-006,S.G. Highway CCTV Node #06,Ahmedabad,False,NEW,📷 ANPR Detection: GJ03XP7434,"Detected at S.G. Highway CCTV Node #06 (23.0225, 72.5714). Watchlist Hit: False"
anpr-ingest-e8072a3a,2026-09-01 12:59:34.798422+00:00,INFO,ANPR_DETECTION,GJ11BH7605,6,CAM-GJ-AHM-006,S.G. Highway CCTV Node #06,Ahmedabad,False,NEW,📷 ANPR Detection: GJ11BH7605,"Detected at S.G. Highway CCTV Node #06 (23.0225, 72.5714). Watchlist Hit: False"
anpr-ingest-90862508,2026-09-01 12:59:34.786353+00:00,INFO,ANPR_DETECTION,GJ11DH7605,6,CAM-GJ-AHM-006,S.G. Highway CCTV Node #06,Ahmedabad,False,NEW,📷 ANPR Detection: GJ11DH7605,"Detected at S.G. Highway CCTV Node #06 (23.0225, 72.5714). Watchlist Hit: False"
anpr-ingest-6f53eb83,2026-09-01 12:59:27.870076+00:00,INFO,ANPR_DETECTION,GJ11BH7686,6,CAM-GJ-AHM-006,S.G. Highway CCTV Node #06,Ahmedabad,False,NEW,📷 ANPR Detection: GJ11BH7686,"Detected at S.G. Highway CCTV Node #06 (23.0225, 72.5714). Watchlist Hit: False"
anpr-ingest-6c0eacb0,2026-09-01 12:59:27.869489+00:00,INFO,ANPR_DETECTION,GJ11BH7685,6,CAM-GJ-AHM-006,S.G. Highway CCTV Node #06,Ahmedabad,False,NEW,📷 ANPR Detection: GJ11BH7685,"Detected at S.G. Highway CCTV Node #06 (23.0225, 72.5714). Watchlist Hit: False"
anpr-ingest-3556e081,2026-09-01 12:59:27.868762+00:00,INFO,ANPR_DETECTION,GJ1BH7685,6,CAM-GJ-AHM-006,S.G. Highway CCTV Node #06,Ahmedabad,False,NEW,📷 ANPR Detection: GJ1BH7685,"Detected at S.G. Highway CCTV Node #06 (23.0225, 72.5714). Watchlist Hit: False"
anpr-ingest-576c279a,2026-09-01 12:59:27.838595+00:00,INFO,ANPR_DETECTION,GJ1YBH7685,6,CAM-GJ-AHM-006,S.G. Highway CCTV Node #06,Ahmedabad,False,NEW,📷 ANPR Detection: GJ1YBH7685,"Detected at S.G. Highway CCTV Node #06 (23.0225, 72.5714). Watchlist Hit: False"
anpr-ingest-80def915,2026-09-01 12:59:27.838339+00:00,INFO,ANPR_DETECTION,GJ1YBH7585,6,CAM-GJ-AHM-006,S.G. Highway CCTV Node #06,Ahmedabad,False,NEW,📷 ANPR Detection: GJ1YBH7585,"Detected at S.G. Highway CCTV Node #06 (23.0225, 72.5714). Watchlist Hit: False"
anpr-ingest-14fabf99,2026-09-01 12:59:09.093264+00:00,INFO,ANPR_DETECTION,GJ03JL6883,6,CAM-GJ-AHM-006,S.G. Highway CCTV Node #06,Ahmedabad,False,NEW,📷 ANPR Detection: GJ03JL6883,"Detected at S.G. Highway CCTV Node #06 (23.0225, 72.5714). Watchlist Hit: False"
anpr-ingest-21c5ddfa,2026-09-01 12:58:50.590672+00:00,INFO,ANPR_DETECTION,GJ1TCD3702,6,CAM-GJ-AHM-006,S.G. Highway CCTV Node #06,Ahmedabad,False,NEW,📷 ANPR Detection: GJ1TCD3702,"Detected at S.G. Highway CCTV Node #06 (23.0225, 72.5714). Watchlist Hit: False"
anpr-ingest-860bf9f5,2026-09-01 12:58:50.568722+00:00,INFO,ANPR_DETECTION,GJ11CD3702,6,CAM-GJ-AHM-006,S.G. Highway CCTV Node #06,Ahmedabad,False,NEW,📷 ANPR Detection: GJ11CD3702,"Detected at S.G. Highway CCTV Node #06 (23.0225, 72.5714). Watchlist Hit: False"
anpr-ingest-763d1a03,2026-09-01 12:58:50.567434+00:00,INFO,ANPR_DETECTION,GJ11CD3707,6,CAM-GJ-AHM-006,S.G. Highway CCTV Node #06,Ahmedabad,False,NEW,📷 ANPR Detection: GJ11CD3707,"Detected at S.G. Highway CCTV Node #06 (23.0225, 72.5714). Watchlist Hit: False"
anpr-ingest-81ffb094,2026-09-01 12:58:50.250227+00:00,INFO,ANPR_DETECTION,GJ1CD3707,6,CAM-GJ-AHM-006,S.G. Highway CCTV Node #06,Ahmedabad,False,NEW,📷 ANPR Detection: GJ1CD3707,"Detected at S.G. Highway CCTV Node #06 (23.0225, 72.5714). Watchlist Hit: False"
anpr-ingest-325b4c1d,2026-09-01 12:58:45.827847+00:00,INFO,ANPR_DETECTION,GJ03CED033,6,CAM-GJ-AHM-006,S.G. Highway CCTV Node #06,Ahmedabad,False,NEW,📷 ANPR Detection: GJ03CED033,"Detected at S.G. Highway CCTV Node #06 (23.0225, 72.5714). Watchlist Hit: False"
anpr-ingest-2f2bab09,2026-09-01 12:58:45.576951+00:00,INFO,ANPR_DETECTION,GJ03CE0033,6,CAM-GJ-AHM-006,S.G. Highway CCTV Node #06,Ahmedabad,False,NEW,📷 ANPR Detection: GJ03CE0033,"Detected at S.G. Highway CCTV Node #06 (23.0225, 72.5714). Watchlist Hit: False"
anpr-ingest-16873c07,2026-09-01 12:58:45.462839+00:00,INFO,ANPR_DETECTION,GJ88C9672,6,CAM-GJ-AHM-006,S.G. Highway CCTV Node #06,Ahmedabad,False,NEW,📷 ANPR Detection: GJ88C9672,"Detected at S.G. Highway CCTV Node #06 (23.0225, 72.5714). Watchlist Hit: False"
anpr-ingest-ebd024e8,2026-09-01 12:58:45.212932+00:00,INFO,ANPR_DETECTION,GJ18BC0672,6,CAM-GJ-AHM-006,S.G. Highway CCTV Node #06,Ahmedabad,False,NEW,📷 ANPR Detection: GJ18BC0672,"Detected at S.G. Highway CCTV Node #06 (23.0225, 72.5714). Watchlist Hit: False"
anpr-ingest-145e9a8c,2026-09-01 12:58:15.805081+00:00,INFO,ANPR_DETECTION,GJ03HR0416,6,CAM-GJ-AHM-006,S.G. Highway CCTV Node #06,Ahmedabad,False,NEW,📷 ANPR Detection: GJ03HR0416,"Detected at S.G. Highway CCTV Node #06 (23.0225, 72.5714). Watchlist Hit: False"
anpr-ingest-e4726b5c,2026-09-01 12:58:12.213483+00:00,INFO,ANPR_DETECTION,GJ03HR04,6,CAM-GJ-AHM-006,S.G. Highway CCTV Node #06,Ahmedabad,False,NEW,📷 ANPR Detection: GJ03HR04,"Detected at S.G. Highway CCTV Node #06 (23.0225, 72.5714). Watchlist Hit: False"
anpr-ingest-564abb71,2026-09-01 12:58:12.207662+00:00,INFO,ANPR_DETECTION,GJ03HR041,6,CAM-GJ-AHM-006,S.G. Highway CCTV Node #06,Ahmedabad,False,NEW,📷 ANPR Detection: GJ03HR041,"Detected at S.G. Highway CCTV Node #06 (23.0225, 72.5714). Watchlist Hit: False"
anpr-ingest-7be04706,2026-09-01 12:58:12.207244+00:00,INFO,ANPR_DETECTION,GJ03HR01,6,CAM-GJ-AHM-006,S.G. Highway CCTV Node #06,Ahmedabad,False,NEW,📷 ANPR Detection: GJ03HR01,"Detected at S.G. Highway CCTV Node #06 (23.0225, 72.5714). Watchlist Hit: False"
anpr-ingest-a0e70f82,2026-09-01 12:58:12.206074+00:00,INFO,ANPR_DETECTION,GJ03HR018,6,CAM-GJ-AHM-006,S.G. Highway CCTV Node #06,Ahmedabad,False,NEW,📷 ANPR Detection: GJ03HR018,"Detected at S.G. Highway CCTV Node #06 (23.0225, 72.5714). Watchlist Hit: False"
anpr-ingest-9a82dc2a,2026-09-01 12:58:08.927193+00:00,INFO,ANPR_DETECTION,GJ25AA0888,6,CAM-GJ-AHM-006,S.G. Highway CCTV Node #06,Ahmedabad,False,NEW,📷 ANPR Detection: GJ25AA0888,"Detected at S.G. Highway CCTV Node #06 (23.0225, 72.5714). Watchlist Hit: False"
anpr-ingest-88fe4980,2026-09-01 12:58:08.748547+00:00,INFO,ANPR_DETECTION,GJ25AD888,6,CAM-GJ-AHM-006,S.G. Highway CCTV Node #06,Ahmedabad,False,NEW,📷 ANPR Detection: GJ25AD888,"Detected at S.G. Highway CCTV Node #06 (23.0225, 72.5714). Watchlist Hit: False"
anpr-ingest-67dc51a3,2026-09-01 12:58:08.569130+00:00,INFO,ANPR_DETECTION,GJ03BY8234,6,CAM-GJ-AHM-006,S.G. Highway CCTV Node #06,Ahmedabad,False,NEW,📷 ANPR Detection: GJ03BY8234,"Detected at S.G. Highway CCTV Node #06 (23.0225, 72.5714). Watchlist Hit: False"
anpr-ingest-2b87576d,2026-09-01 12:58:08.494437+00:00,INFO,ANPR_DETECTION,GJ03B8211,6,CAM-GJ-AHM-006,S.G. Highway CCTV Node #06,Ahmedabad,False,NEW,📷 ANPR Detection: GJ03B8211,"Detected at S.G. Highway CCTV Node #06 (23.0225, 72.5714). Watchlist Hit: False"
anpr-ingest-76c4d87c,2026-09-01 12:58:05.267829+00:00,INFO,ANPR_DETECTION,GJ019A368,6,CAM-GJ-AHM-006,S.G. Highway CCTV Node #06,Ahmedabad,False,NEW,📷 ANPR Detection: GJ019A368,"Detected at S.G. Highway CCTV Node #06 (23.0225, 72.5714). Watchlist Hit: False"
anpr-ingest-63507db7,2026-09-01 12:58:05.267193+00:00,INFO,ANPR_DETECTION,GJ01RA3687,6,CAM-GJ-AHM-006,S.G. Highway CCTV Node #06,Ahmedabad,False,NEW,📷 ANPR Detection: GJ01RA3687,"Detected at S.G. Highway CCTV Node #06 (23.0225, 72.5714). Watchlist Hit: False"
anpr-ingest-b7c49c91,2026-09-01 12:58:05.266448+00:00,INFO,ANPR_DETECTION,GJ01RA3681,6,CAM-GJ-AHM-006,S.G. Highway CCTV Node #06,Ahmedabad,False,NEW,📷 ANPR Detection: GJ01RA3681,"Detected at S.G. Highway CCTV Node #06 (23.0225, 72.5714). Watchlist Hit: False"
anpr-ingest-9b3497f0,2026-09-01 12:58:05.266423+00:00,INFO,ANPR_DETECTION,GJ25A0888,6,CAM-GJ-AHM-006,S.G. Highway CCTV Node #06,Ahmedabad,False,NEW,📷 ANPR Detection: GJ25A0888,"Detected at S.G. Highway CCTV Node #06 (23.0225, 72.5714). Watchlist Hit: False"
anpr-ingest-540ae7a9,2026-09-01 12:58:05.253602+00:00,INFO,ANPR_DETECTION,GJ01RA368,6,CAM-GJ-AHM-006,S.G. Highway CCTV Node #06,Ahmedabad,False,NEW,📷 ANPR Detection: GJ01RA368,"Detected at S.G. Highway CCTV Node #06 (23.0225, 72.5714). Watchlist Hit: False"
anpr-ingest-5f490caa,2026-09-01 12:58:05.241627+00:00,INFO,ANPR_DETECTION,GJ01R3681,6,CAM-GJ-AHM-006,S.G. Highway CCTV Node #06,Ahmedabad,False,NEW,📷 ANPR Detection: GJ01R3681,"Detected at S.G. Highway CCTV Node #06 (23.0225, 72.5714). Watchlist Hit: False"
anpr-ingest-8dd1ae73,2026-09-01 12:58:04.748080+00:00,INFO,ANPR_DETECTION,GJ01RJ681,6,CAM-GJ-AHM-006,S.G. Highway CCTV Node #06,Ahmedabad,False,NEW,📷 ANPR Detection: GJ01RJ681,"Detected at S.G. Highway CCTV Node #06 (23.0225, 72.5714). Watchlist Hit: False"
anpr-ingest-e70f5920,2026-09-01 12:58:04.746923+00:00,INFO,ANPR_DETECTION,GJ01B3681,6,CAM-GJ-AHM-006,S.G. Highway CCTV Node #06,Ahmedabad,False,NEW,📷 ANPR Detection: GJ01B3681,"Detected at S.G. Highway CCTV Node #06 (23.0225, 72.5714). Watchlist Hit: False"
anpr-ingest-e0587cd6,2026-09-01 12:58:04.457305+00:00,INFO,ANPR_DETECTION,GJ01B368,6,CAM-GJ-AHM-006,S.G. Highway CCTV Node #06,Ahmedabad,False,NEW,📷 ANPR Detection: GJ01B368,"Detected at S.G. Highway CCTV Node #06 (23.0225, 72.5714). Watchlist Hit: False"
anpr-ingest-ae4e85ff,2026-09-01 12:57:57.308253+00:00,INFO,ANPR_DETECTION,GJ8BL4660,6,CAM-GJ-AHM-006,S.G. Highway CCTV Node #06,Ahmedabad,False,NEW,📷 ANPR Detection: GJ8BL4660,"Detected at S.G. Highway CCTV Node #06 (23.0225, 72.5714). Watchlist Hit: False"
anpr-ingest-f0e723ae,2026-09-01 12:57:57.308253+00:00,INFO,ANPR_DETECTION,GJ18BL4860,6,CAM-GJ-AHM-006,S.G. Highway CCTV Node #06,Ahmedabad,False,NEW,📷 ANPR Detection: GJ18BL4860,"Detected at S.G. Highway CCTV Node #06 (23.0225, 72.5714). Watchlist Hit: False"
anpr-ingest-80c30708,2026-09-01 12:57:54.269711+00:00,INFO,ANPR_DETECTION,GJ18BL4660,6,CAM-GJ-AHM-006,S.G. Highway CCTV Node #06,Ahmedabad,False,NEW,📷 ANPR Detection: GJ18BL4660,"Detected at S.G. Highway CCTV Node #06 (23.0225, 72.5714). Watchlist Hit: False"
anpr-ingest-fdd43f6a,2026-09-01 12:57:54.268978+00:00,INFO,ANPR_DETECTION,GJ188L660,6,CAM-GJ-AHM-006,S.G. Highway CCTV Node #06,Ahmedabad,False,NEW,📷 ANPR Detection: GJ188L660,"Detected at S.G. Highway CCTV Node #06 (23.0225, 72.5714). Watchlist Hit: False"
anpr-ingest-0b37682a,2026-09-01 12:57:54.268968+00:00,INFO,ANPR_DETECTION,GJ188L4660,6,CAM-GJ-AHM-006,S.G. Highway CCTV Node #06,Ahmedabad,False,NEW,📷 ANPR Detection: GJ188L4660,"Detected at S.G. Highway CCTV Node #06 (23.0225, 72.5714). Watchlist Hit: False"
anpr-ingest-5e760931,2026-09-01 12:57:54.262765+00:00,INFO,ANPR_DETECTION,GJ18BLL660,6,CAM-GJ-AHM-006,S.G. Highway CCTV Node #06,Ahmedabad,False,NEW,📷 ANPR Detection: GJ18BLL660,"Detected at S.G. Highway CCTV Node #06 (23.0225, 72.5714). Watchlist Hit: False"
anpr-ingest-3c632fb5,2026-09-01 12:57:54.262765+00:00,INFO,ANPR_DETECTION,GJ1BBL4660,6,CAM-GJ-AHM-006,S.G. Highway CCTV Node #06,Ahmedabad,False,NEW,📷 ANPR Detection: GJ1BBL4660,"Detected at S.G. Highway CCTV Node #06 (23.0225, 72.5714). Watchlist Hit: False"
anpr-ingest-64c96ff3,2026-09-01 12:57:54.083015+00:00,INFO,ANPR_DETECTION,GJ18BL46,6,CAM-GJ-AHM-006,S.G. Highway CCTV Node #06,Ahmedabad,False,NEW,📷 ANPR Detection: GJ18BL46,"Detected at S.G. Highway CCTV Node #06 (23.0225, 72.5714). Watchlist Hit: False"
anpr-ingest-42763dd7,2026-09-01 12:57:53.863574+00:00,INFO,ANPR_DETECTION,GJ11CQ8831,6,CAM-GJ-AHM-006,S.G. Highway CCTV Node #06,Ahmedabad,False,NEW,📷 ANPR Detection: GJ11CQ8831,"Detected at S.G. Highway CCTV Node #06 (23.0225, 72.5714). Watchlist Hit: False"
anpr-ingest-f379e20d,2026-09-01 12:57:51.021877+00:00,INFO,ANPR_DETECTION,GJ11C0883,6,CAM-GJ-AHM-006,S.G. Highway CCTV Node #06,Ahmedabad,False,NEW,📷 ANPR Detection: GJ11C0883,"Detected at S.G. Highway CCTV Node #06 (23.0225, 72.5714). Watchlist Hit: False"
anpr-ingest-22ba9ea9,2026-09-01 12:57:50.541456+00:00,INFO,ANPR_DETECTION,GJ11CD8831,6,CAM-GJ-AHM-006,S.G. Highway CCTV Node #06,Ahmedabad,False,NEW,📷 ANPR Detection: GJ11CD8831,"Detected at S.G. Highway CCTV Node #06 (23.0225, 72.5714). Watchlist Hit: False"
anpr-ingest-0258a7a3,2026-09-01 12:57:50.540421+00:00,INFO,ANPR_DETECTION,GJ11C0881,6,CAM-GJ-AHM-006,S.G. Highway CCTV Node #06,Ahmedabad,False,NEW,📷 ANPR Detection: GJ11C0881,"Detected at S.G. Highway CCTV Node #06 (23.0225, 72.5714). Watchlist Hit: False"
anpr-ingest-5f0b422d,2026-09-01 12:57:50.534430+00:00,INFO,ANPR_DETECTION,GJ11C8831,6,CAM-GJ-AHM-006,S.G. Highway CCTV Node #06,Ahmedabad,False,NEW,📷 ANPR Detection: GJ11C8831,"Detected at S.G. Highway CCTV Node #06 (23.0225, 72.5714). Watchlist Hit: False"
anpr-ingest-72261cb1,2026-09-01 12:57:41.765886+00:00,INFO,ANPR_DETECTION,GJ18ZT2013,6,CAM-GJ-AHM-006,S.G. Highway CCTV Node #06,Ahmedabad,False,NEW,📷 ANPR Detection: GJ18ZT2013,"Detected at S.G. Highway CCTV Node #06 (23.0225, 72.5714). Watchlist Hit: False"
anpr-ingest-29b7ed3e,2026-09-01 12:57:38.537110+00:00,INFO,ANPR_DETECTION,GJ182T2073,6,CAM-GJ-AHM-006,S.G. Highway CCTV Node #06,Ahmedabad,False,NEW,📷 ANPR Detection: GJ182T2073,"Detected at S.G. Highway CCTV Node #06 (23.0225, 72.5714). Watchlist Hit: False"
anpr-ingest-021eee7f,2026-09-01 12:57:38.472542+00:00,INFO,ANPR_DETECTION,GJ82T2013,6,CAM-GJ-AHM-006,S.G. Highway CCTV Node #06,Ahmedabad,False,NEW,📷 ANPR Detection: GJ82T2013,"Detected at S.G. Highway CCTV Node #06 (23.0225, 72.5714). Watchlist Hit: False"
anpr-ingest-b45c0e65,2026-09-01 12:57:38.345426+00:00,INFO,ANPR_DETECTION,GJ182T2013,6,CAM-GJ-AHM-006,S.G. Highway CCTV Node #06,Ahmedabad,False,NEW,📷 ANPR Detection: GJ182T2013,"Detected at S.G. Highway CCTV Node #06 (23.0225, 72.5714). Watchlist Hit: False"
anpr-ingest-27a36068,2026-09-01 12:57:19.772933+00:00,INFO,ANPR_DETECTION,GJ21A1001,6,CAM-GJ-AHM-006,S.G. Highway CCTV Node #06,Ahmedabad,False,NEW,📷 ANPR Detection: GJ21A1001,"Detected at S.G. Highway CCTV Node #06 (23.0225, 72.5714). Watchlist Hit: False"
anpr-ingest-0f0a1581,2026-09-01 12:57:19.273922+00:00,INFO,ANPR_DETECTION,GJ211QD1,6,CAM-GJ-AHM-006,S.G. Highway CCTV Node #06,Ahmedabad,False,NEW,📷 ANPR Detection: GJ211QD1,"Detected at S.G. Highway CCTV Node #06 (23.0225, 72.5714). Watchlist Hit: False"
anpr-ingest-2de406e1,2026-09-01 12:57:14.710794+00:00,INFO,ANPR_DETECTION,GA81T1082,6,CAM-GJ-AHM-006,S.G. Highway CCTV Node #06,Ahmedabad,False,NEW,📷 ANPR Detection: GA81T1082,"Detected at S.G. Highway CCTV Node #06 (23.0225, 72.5714). Watchlist Hit: False"
anpr-ingest-c95f149f,2026-09-01 12:56:19.828551+00:00,INFO,ANPR_DETECTION,GJ18BM7584,6,CAM-GJ-AHM-006,S.G. Highway CCTV Node #06,Ahmedabad,False,NEW,📷 ANPR Detection: GJ18BM7584,"Detected at S.G. Highway CCTV Node #06 (23.0225, 72.5714). Watchlist Hit: False"
anpr-ingest-3138f0c7,2026-09-01 12:56:19.824551+00:00,INFO,ANPR_DETECTION,GJ18BM758,6,CAM-GJ-AHM-006,S.G. Highway CCTV Node #06,Ahmedabad,False,NEW,📷 ANPR Detection: GJ18BM758,"Detected at S.G. Highway CCTV Node #06 (23.0225, 72.5714). Watchlist Hit: False"
anpr-ingest-e20cbe2d,2026-09-01 12:56:19.814703+00:00,INFO,ANPR_DETECTION,GJ18BH7584,6,CAM-GJ-AHM-006,S.G. Highway CCTV Node #06,Ahmedabad,False,NEW,📷 ANPR Detection: GJ18BH7584,"Detected at S.G. Highway CCTV Node #06 (23.0225, 72.5714). Watchlist Hit: False"
anpr-ingest-5e727fa2,2026-09-01 12:56:19.680350+00:00,INFO,ANPR_DETECTION,GJ18EH7584,6,CAM-GJ-AHM-006,S.G. Highway CCTV Node #06,Ahmedabad,False,NEW,📷 ANPR Detection: GJ18EH7584,"Detected at S.G. Highway CCTV Node #06 (23.0225, 72.5714). Watchlist Hit: False"
anpr-ingest-2e10af1b,2026-09-01 12:56:19.679118+00:00,INFO,ANPR_DETECTION,GJ18B758,6,CAM-GJ-AHM-006,S.G. Highway CCTV Node #06,Ahmedabad,False,NEW,📷 ANPR Detection: GJ18B758,"Detected at S.G. Highway CCTV Node #06 (23.0225, 72.5714). Watchlist Hit: False"
anpr-ingest-4cb2494a,2026-09-01 12:56:19.618731+00:00,INFO,ANPR_DETECTION,GJ188H7580,6,CAM-GJ-AHM-006,S.G. Highway CCTV Node #06,Ahmedabad,False,NEW,📷 ANPR Detection: GJ188H7580,"Detected at S.G. Highway CCTV Node #06 (23.0225, 72.5714). Watchlist Hit: False"
anpr-ingest-637459d4,2026-09-01 12:56:19.616268+00:00,INFO,ANPR_DETECTION,GJ188H7588,6,CAM-GJ-AHM-006,S.G. Highway CCTV Node #06,Ahmedabad,False,NEW,📷 ANPR Detection: GJ188H7588,"Detected at S.G. Highway CCTV Node #06 (23.0225, 72.5714). Watchlist Hit: False"
anpr-ingest-5da9999e,2026-09-01 12:56:17.234322+00:00,INFO,ANPR_DETECTION,GJ188H7584,6,CAM-GJ-AHM-006,S.G. Highway CCTV Node #06,Ahmedabad,False,NEW,📷 ANPR Detection: GJ188H7584,"Detected at S.G. Highway CCTV Node #06 (23.0225, 72.5714). Watchlist Hit: False"
anpr-ingest-66ad7691,2026-09-01 12:56:17.233663+00:00,INFO,ANPR_DETECTION,GJ188M7588,6,CAM-GJ-AHM-006,S.G. Highway CCTV Node #06,Ahmedabad,False,NEW,📷 ANPR Detection: GJ188M7588,"Detected at S.G. Highway CCTV Node #06 (23.0225, 72.5714). Watchlist Hit: False"
anpr-ingest-e1f22518,2026-09-01 12:56:17.218073+00:00,INFO,ANPR_DETECTION,GJ188M7584,6,CAM-GJ-AHM-006,S.G. Highway CCTV Node #06,Ahmedabad,False,NEW,📷 ANPR Detection: GJ188M7584,"Detected at S.G. Highway CCTV Node #06 (23.0225, 72.5714). Watchlist Hit: False"
anpr-ingest-1470905e,2026-09-01 12:56:17.216933+00:00,INFO,ANPR_DETECTION,GJ188H758,6,CAM-GJ-AHM-006,S.G. Highway CCTV Node #06,Ahmedabad,False,NEW,📷 ANPR Detection: GJ188H758,"Detected at S.G. Highway CCTV Node #06 (23.0225, 72.5714). Watchlist Hit: False"
anpr-ingest-50f3dc3b,2026-09-01 12:56:16.943008+00:00,INFO,ANPR_DETECTION,GJ18BM7564,6,CAM-GJ-AHM-006,S.G. Highway CCTV Node #06,Ahmedabad,False,NEW,📷 ANPR Detection: GJ18BM7564,"Detected at S.G. Highway CCTV Node #06 (23.0225, 72.5714). Watchlist Hit: False"
anpr-ingest-6a846aea,2026-09-01 12:56:16.942248+00:00,INFO,ANPR_DETECTION,GJ1BBH7584,6,CAM-GJ-AHM-006,S.G. Highway CCTV Node #06,Ahmedabad,False,NEW,📷 ANPR Detection: GJ1BBH7584,"Detected at S.G. Highway CCTV Node #06 (23.0225, 72.5714). Watchlist Hit: False"
anpr-ingest-e750f36e,2026-09-01 12:56:16.770256+00:00,INFO,ANPR_DETECTION,GJ18BH7588,6,CAM-GJ-AHM-006,S.G. Highway CCTV Node #06,Ahmedabad,False,NEW,📷 ANPR Detection: GJ18BH7588,"Detected at S.G. Highway CCTV Node #06 (23.0225, 72.5714). Watchlist Hit: False"
anpr-ingest-f15f9d9d,2026-09-01 12:56:16.680406+00:00,INFO,ANPR_DETECTION,GJ188M758,6,CAM-GJ-AHM-006,S.G. Highway CCTV Node #06,Ahmedabad,False,NEW,📷 ANPR Detection: GJ188M758,"Detected at S.G. Highway CCTV Node #06 (23.0225, 72.5714). Watchlist Hit: False"
anpr-ingest-0c2d0d07,2026-09-01 12:56:16.679133+00:00,INFO,ANPR_DETECTION,GJ18BHT50,6,CAM-GJ-AHM-006,S.G. Highway CCTV Node #06,Ahmedabad,False,NEW,📷 ANPR Detection: GJ18BHT50,"Detected at S.G. Highway CCTV Node #06 (23.0225, 72.5714). Watchlist Hit: False"
anpr-ingest-989411b2,2026-09-01 12:56:16.535290+00:00,INFO,ANPR_DETECTION,GJ189H7581,6,CAM-GJ-AHM-006,S.G. Highway CCTV Node #06,Ahmedabad,False,NEW,📷 ANPR Detection: GJ189H7581,"Detected at S.G. Highway CCTV Node #06 (23.0225, 72.5714). Watchlist Hit: False"
anpr-ingest-1c428ca4,2026-09-01 12:56:16.534437+00:00,INFO,ANPR_DETECTION,GJ189H7580,6,CAM-GJ-AHM-006,S.G. Highway CCTV Node #06,Ahmedabad,False,NEW,📷 ANPR Detection: GJ189H7580,"Detected at S.G. Highway CCTV Node #06 (23.0225, 72.5714). Watchlist Hit: False"
anpr-ingest-f455d36c,2026-09-01 12:56:16.528117+00:00,INFO,ANPR_DETECTION,GJ189M7584,6,CAM-GJ-AHM-006,S.G. Highway CCTV Node #06,Ahmedabad,False,NEW,📷 ANPR Detection: GJ189M7584,"Detected at S.G. Highway CCTV Node #06 (23.0225, 72.5714). Watchlist Hit: False"
anpr-ingest-a2a4e56a,2026-09-01 12:56:08.680593+00:00,INFO,ANPR_DETECTION,GJ03AZ0644,6,CAM-GJ-AHM-006,S.G. Highway CCTV Node #06,Ahmedabad,False,NEW,📷 ANPR Detection: GJ03AZ0644,"Detected at S.G. Highway CCTV Node #06 (23.0225, 72.5714). Watchlist Hit: False"
anpr-ingest-06c0b297,2026-09-01 12:55:45.993952+00:00,INFO,ANPR_DETECTION,GJ01KN165,6,CAM-GJ-AHM-006,S.G. Highway CCTV Node #06,Ahmedabad,False,NEW,📷 ANPR Detection: GJ01KN165,"Detected at S.G. Highway CCTV Node #06 (23.0225, 72.5714). Watchlist Hit: False"
anpr-ingest-e8289458,2026-09-01 12:55:43.858733+00:00,INFO,ANPR_DETECTION,GJ01KW1659,6,CAM-GJ-AHM-006,S.G. Highway CCTV Node #06,Ahmedabad,False,NEW,📷 ANPR Detection: GJ01KW1659,"Detected at S.G. Highway CCTV Node #06 (23.0225, 72.5714). Watchlist Hit: False"
anpr-ingest-7285fbce,2026-09-01 12:55:33.786578+00:00,INFO,ANPR_DETECTION,GJ1BW2509,6,CAM-GJ-AHM-006,S.G. Highway CCTV Node #06,Ahmedabad,False,NEW,📷 ANPR Detection: GJ1BW2509,"Detected at S.G. Highway CCTV Node #06 (23.0225, 72.5714). Watchlist Hit: False"
anpr-ingest-665d56d2,2026-09-01 12:55:33.360829+00:00,INFO,ANPR_DETECTION,GJ118R25,6,CAM-GJ-AHM-006,S.G. Highway CCTV Node #06,Ahmedabad,False,NEW,📷 ANPR Detection: GJ118R25,"Detected at S.G. Highway CCTV Node #06 (23.0225, 72.5714). Watchlist Hit: False"
anpr-ingest-00b88c0c,2026-09-01 12:55:33.359774+00:00,INFO,ANPR_DETECTION,GJ11BR2509,6,CAM-GJ-AHM-006,S.G. Highway CCTV Node #06,Ahmedabad,False,NEW,📷 ANPR Detection: GJ11BR2509,"Detected at S.G. Highway CCTV Node #06 (23.0225, 72.5714). Watchlist Hit: False"
anpr-ingest-54aa50b7,2026-09-01 12:55:33.359750+00:00,INFO,ANPR_DETECTION,GJ11BR2509,6,CAM-GJ-AHM-006,S.G. Highway CCTV Node #06,Ahmedabad,False,NEW,📷 ANPR Detection: GJ11BR2509,"Detected at S.G. Highway CCTV Node #06 (23.0225, 72.5714). Watchlist Hit: False"
anpr-ingest-a544d609,2026-09-01 12:55:33.358901+00:00,INFO,ANPR_DETECTION,GJ11BR2509,6,CAM-GJ-AHM-006,S.G. Highway CCTV Node #06,Ahmedabad,False,NEW,📷 ANPR Detection: GJ11BR2509,"Detected at S.G. Highway CCTV Node #06 (23.0225, 72.5714). Watchlist Hit: False"
anpr-ingest-214b1422,2026-09-01 12:55:33.358421+00:00,INFO,ANPR_DETECTION,GJ11BR250,6,CAM-GJ-AHM-006,S.G. Highway CCTV Node #06,Ahmedabad,False,NEW,📷 ANPR Detection: GJ11BR250,"Detected at S.G. Highway CCTV Node #06 (23.0225, 72.5714). Watchlist Hit: False"
anpr-ingest-2bd8afec,2026-09-01 12:55:33.357768+00:00,INFO,ANPR_DETECTION,GJ11BR2509,6,CAM-GJ-AHM-006,S.G. Highway CCTV Node #06,Ahmedabad,False,NEW,📷 ANPR Detection: GJ11BR2509,"Detected at S.G. Highway CCTV Node #06 (23.0225, 72.5714). Watchlist Hit: False"
anpr-ingest-eb9a25ce,2026-09-01 12:55:33.357753+00:00,INFO,ANPR_DETECTION,GJ11BR2509,6,CAM-GJ-AHM-006,S.G. Highway CCTV Node #06,Ahmedabad,False,NEW,📷 ANPR Detection: GJ11BR2509,"Detected at S.G. Highway CCTV Node #06 (23.0225, 72.5714). Watchlist Hit: False"
anpr-ingest-9e09fcf1,2026-09-01 12:55:33.357178+00:00,INFO,ANPR_DETECTION,GJ11BR2509,6,CAM-GJ-AHM-006,S.G. Highway CCTV Node #06,Ahmedabad,False,NEW,📷 ANPR Detection: GJ11BR2509,"Detected at S.G. Highway CCTV Node #06 (23.0225, 72.5714). Watchlist Hit: False"
anpr-ingest-dbfe08a3,2026-09-01 12:55:33.357141+00:00,INFO,ANPR_DETECTION,GJ11BR2509,6,CAM-GJ-AHM-006,S.G. Highway CCTV Node #06,Ahmedabad,False,NEW,📷 ANPR Detection: GJ11BR2509,"Detected at S.G. Highway CCTV Node #06 (23.0225, 72.5714). Watchlist Hit: False"
anpr-ingest-fc6f713b,2026-09-01 12:55:33.356603+00:00,INFO,ANPR_DETECTION,GJ11BR2509,6,CAM-GJ-AHM-006,S.G. Highway CCTV Node #06,Ahmedabad,False,NEW,📷 ANPR Detection: GJ11BR2509,"Detected at S.G. Highway CCTV Node #06 (23.0225, 72.5714). Watchlist Hit: False"
anpr-ingest-08c7d359,2026-09-01 12:55:33.356482+00:00,INFO,ANPR_DETECTION,GJ11BR2509,6,CAM-GJ-AHM-006,S.G. Highway CCTV Node #06,Ahmedabad,False,NEW,📷 ANPR Detection: GJ11BR2509,"Detected at S.G. Highway CCTV Node #06 (23.0225, 72.5714). Watchlist Hit: False"
anpr-ingest-02afdd1d,2026-09-01 12:55:33.355588+00:00,INFO,ANPR_DETECTION,GJ11BR2509,6,CAM-GJ-AHM-006,S.G. Highway CCTV Node #06,Ahmedabad,False,NEW,📷 ANPR Detection: GJ11BR2509,"Detected at S.G. Highway CCTV Node #06 (23.0225, 72.5714). Watchlist Hit: False"
anpr-ingest-83f700c3,2026-09-01 12:55:33.336522+00:00,INFO,ANPR_DETECTION,GJ11BR2509,6,CAM-GJ-AHM-006,S.G. Highway CCTV Node #06,Ahmedabad,False,NEW,📷 ANPR Detection: GJ11BR2509,"Detected at S.G. Highway CCTV Node #06 (23.0225, 72.5714). Watchlist Hit: False"
anpr-ingest-a287b11f,2026-09-01 12:55:30.644548+00:00,INFO,ANPR_DETECTION,GJ11BR2509,6,CAM-GJ-AHM-006,S.G. Highway CCTV Node #06,Ahmedabad,False,NEW,📷 ANPR Detection: GJ11BR2509,"Detected at S.G. Highway CCTV Node #06 (23.0225, 72.5714). Watchlist Hit: False"
anpr-ingest-ef5d5fcd,2026-09-01 12:55:30.632558+00:00,INFO,ANPR_DETECTION,GJ11BR2509,6,CAM-GJ-AHM-006,S.G. Highway CCTV Node #06,Ahmedabad,False,NEW,📷 ANPR Detection: GJ11BR2509,"Detected at S.G. Highway CCTV Node #06 (23.0225, 72.5714). Watchlist Hit: False"
anpr-ingest-e5a6a409,2026-09-01 12:55:30.370742+00:00,INFO,ANPR_DETECTION,GJ11BR2509,6,CAM-GJ-AHM-006,S.G. Highway CCTV Node #06,Ahmedabad,False,NEW,📷 ANPR Detection: GJ11BR2509,"Detected at S.G. Highway CCTV Node #06 (23.0225, 72.5714). Watchlist Hit: False"
anpr-ingest-71cb294c,2026-09-01 12:55:30.332124+00:00,INFO,ANPR_DETECTION,GJ11BR2509,6,CAM-GJ-AHM-006,S.G. Highway CCTV Node #06,Ahmedabad,False,NEW,📷 ANPR Detection: GJ11BR2509,"Detected at S.G. Highway CCTV Node #06 (23.0225, 72.5714). Watchlist Hit: False"
anpr-ingest-aad56046,2026-09-01 12:55:30.331372+00:00,INFO,ANPR_DETECTION,GJ11BR2509,6,CAM-GJ-AHM-006,S.G. Highway CCTV Node #06,Ahmedabad,False,NEW,📷 ANPR Detection: GJ11BR2509,"Detected at S.G. Highway CCTV Node #06 (23.0225, 72.5714). Watchlist Hit: False"
anpr-ingest-1099a54f,2026-09-01 12:55:29.840560+00:00,INFO,ANPR_DETECTION,GJ118R2509,6,CAM-GJ-AHM-006,S.G. Highway CCTV Node #06,Ahmedabad,False,NEW,📷 ANPR Detection: GJ118R2509,"Detected at S.G. Highway CCTV Node #06 (23.0225, 72.5714). Watchlist Hit: False"
anpr-ingest-50efcff4,2026-09-01 12:54:57.649141+00:00,INFO,ANPR_DETECTION,GJ01RS9114,6,CAM-GJ-AHM-006,S.G. Highway CCTV Node #06,Ahmedabad,False,NEW,📷 ANPR Detection: GJ01RS9114,"Detected at S.G. Highway CCTV Node #06 (23.0225, 72.5714). Watchlist Hit: False"
anpr-ingest-161ad92b,2026-09-01 12:54:57.638818+00:00,INFO,ANPR_DETECTION,GJ01RS911,6,CAM-GJ-AHM-006,S.G. Highway CCTV Node #06,Ahmedabad,False,NEW,📷 ANPR Detection: GJ01RS911,"Detected at S.G. Highway CCTV Node #06 (23.0225, 72.5714). Watchlist Hit: False"
anpr-ingest-ee95fe0e,2026-09-01 12:54:57.638172+00:00,INFO,ANPR_DETECTION,GJ01RS9114,6,CAM-GJ-AHM-006,S.G. Highway CCTV Node #06,Ahmedabad,False,NEW,📷 ANPR Detection: GJ01RS9114,"Detected at S.G. Highway CCTV Node #06 (23.0225, 72.5714). Watchlist Hit: False"
anpr-ingest-ed9237cf,2026-09-01 12:54:57.637427+00:00,INFO,ANPR_DETECTION,GJ01RS9114,6,CAM-GJ-AHM-006,S.G. Highway CCTV Node #06,Ahmedabad,False,NEW,📷 ANPR Detection: GJ01RS9114,"Detected at S.G. Highway CCTV Node #06 (23.0225, 72.5714). Watchlist Hit: False"
anpr-ingest-f6bd62ab,2026-09-01 12:54:57.575048+00:00,INFO,ANPR_DETECTION,GJ01RS911,6,CAM-GJ-AHM-006,S.G. Highway CCTV Node #06,Ahmedabad,False,NEW,📷 ANPR Detection: GJ01RS911,"Detected at S.G. Highway CCTV Node #06 (23.0225, 72.5714). Watchlist Hit: False"
anpr-ingest-b1fead71,2026-09-01 12:54:57.574979+00:00,INFO,ANPR_DETECTION,GJ01RS914,6,CAM-GJ-AHM-006,S.G. Highway CCTV Node #06,Ahmedabad,False,NEW,📷 ANPR Detection: GJ01RS914,"Detected at S.G. Highway CCTV Node #06 (23.0225, 72.5714). Watchlist Hit: False"
anpr-ingest-80a6f446,2026-09-01 12:54:57.574844+00:00,INFO,ANPR_DETECTION,GJ01RS911,6,CAM-GJ-AHM-006,S.G. Highway CCTV Node #06,Ahmedabad,False,NEW,📷 ANPR Detection: GJ01RS911,"Detected at S.G. Highway CCTV Node #06 (23.0225, 72.5714). Watchlist Hit: False"
anpr-ingest-b2187e99,2026-09-01 12:54:57.398230+00:00,INFO,ANPR_DETECTION,GJ01RS9114,6,CAM-GJ-AHM-006,S.G. Highway CCTV Node #06,Ahmedabad,False,NEW,📷 ANPR Detection: GJ01RS9114,"Detected at S.G. Highway CCTV Node #06 (23.0225, 72.5714). Watchlist Hit: False"
anpr-ingest-0a1ecdfd,2026-09-01 12:54:57.114146+00:00,INFO,ANPR_DETECTION,GJ01R591,6,CAM-GJ-AHM-006,S.G. Highway CCTV Node #06,Ahmedabad,False,NEW,📷 ANPR Detection: GJ01R591,"Detected at S.G. Highway CCTV Node #06 (23.0225, 72.5714). Watchlist Hit: False"
anpr-ingest-64309f5a,2026-09-01 12:54:57.112560+00:00,INFO,ANPR_DETECTION,GJ01R591,6,CAM-GJ-AHM-006,S.G. Highway CCTV Node #06,Ahmedabad,False,NEW,📷 ANPR Detection: GJ01R591,"Detected at S.G. Highway CCTV Node #06 (23.0225, 72.5714). Watchlist Hit: False"
anpr-ingest-c6b96e2c,2026-09-01 12:54:52.453411+00:00,INFO,ANPR_DETECTION,GJ11CH0340,6,CAM-GJ-AHM-006,S.G. Highway CCTV Node #06,Ahmedabad,False,NEW,📷 ANPR Detection: GJ11CH0340,"Detected at S.G. Highway CCTV Node #06 (23.0225, 72.5714). Watchlist Hit: False"
anpr-ingest-eee79a20,2026-09-01 12:54:52.387754+00:00,INFO,ANPR_DETECTION,GJ17CH0340,6,CAM-GJ-AHM-006,S.G. Highway CCTV Node #06,Ahmedabad,False,NEW,📷 ANPR Detection: GJ17CH0340,"Detected at S.G. Highway CCTV Node #06 (23.0225, 72.5714). Watchlist Hit: False"
anpr-ingest-3434bc40,2026-09-01 12:54:52.377733+00:00,INFO,ANPR_DETECTION,GJ11CH0340,6,CAM-GJ-AHM-006,S.G. Highway CCTV Node #06,Ahmedabad,False,NEW,📷 ANPR Detection: GJ11CH0340,"Detected at S.G. Highway CCTV Node #06 (23.0225, 72.5714). Watchlist Hit: False"
anpr-ingest-bc4b94aa,2026-09-01 12:54:52.377432+00:00,INFO,ANPR_DETECTION,GJ11CH0340,6,CAM-GJ-AHM-006,S.G. Highway CCTV Node #06,Ahmedabad,False,NEW,📷 ANPR Detection: GJ11CH0340,"Detected at S.G. Highway CCTV Node #06 (23.0225, 72.5714). Watchlist Hit: False"
anpr-ingest-6677ef5d,2026-09-01 12:54:52.368467+00:00,INFO,ANPR_DETECTION,GJ11CH0340,6,CAM-GJ-AHM-006,S.G. Highway CCTV Node #06,Ahmedabad,False,NEW,📷 ANPR Detection: GJ11CH0340,"Detected at S.G. Highway CCTV Node #06 (23.0225, 72.5714). Watchlist Hit: False"
anpr-ingest-fc7b70a4,2026-09-01 12:54:52.367783+00:00,INFO,ANPR_DETECTION,GJ11CH0340,6,CAM-GJ-AHM-006,S.G. Highway CCTV Node #06,Ahmedabad,False,NEW,📷 ANPR Detection: GJ11CH0340,"Detected at S.G. Highway CCTV Node #06 (23.0225, 72.5714). Watchlist Hit: False"
anpr-ingest-e6b46c5b,2026-09-01 12:54:52.367646+00:00,INFO,ANPR_DETECTION,GJ11CH0340,6,CAM-GJ-AHM-006,S.G. Highway CCTV Node #06,Ahmedabad,False,NEW,📷 ANPR Detection: GJ11CH0340,"Detected at S.G. Highway CCTV Node #06 (23.0225, 72.5714). Watchlist Hit: False"
anpr-ingest-df39fedb,2026-09-01 12:54:52.202351+00:00,INFO,ANPR_DETECTION,GJ11CH0340,6,CAM-GJ-AHM-006,S.G. Highway CCTV Node #06,Ahmedabad,False,NEW,📷 ANPR Detection: GJ11CH0340,"Detected at S.G. Highway CCTV Node #06 (23.0225, 72.5714). Watchlist Hit: False"
anpr-ingest-2609d7b5,2026-09-01 12:54:52.201713+00:00,INFO,ANPR_DETECTION,GJ1CHQ340,6,CAM-GJ-AHM-006,S.G. Highway CCTV Node #06,Ahmedabad,False,NEW,📷 ANPR Detection: GJ1CHQ340,"Detected at S.G. Highway CCTV Node #06 (23.0225, 72.5714). Watchlist Hit: False"
anpr-ingest-802a1408,2026-09-01 12:54:52.201017+00:00,INFO,ANPR_DETECTION,GJ11CH0340,6,CAM-GJ-AHM-006,S.G. Highway CCTV Node #06,Ahmedabad,False,NEW,📷 ANPR Detection: GJ11CH0340,"Detected at S.G. Highway CCTV Node #06 (23.0225, 72.5714). Watchlist Hit: False"
anpr-ingest-efb5c472,2026-09-01 12:54:52.200902+00:00,INFO,ANPR_DETECTION,GJ11CM0340,6,CAM-GJ-AHM-006,S.G. Highway CCTV Node #06,Ahmedabad,False,NEW,📷 ANPR Detection: GJ11CM0340,"Detected at S.G. Highway CCTV Node #06 (23.0225, 72.5714). Watchlist Hit: False"
anpr-ingest-f340fa3d,2026-09-01 12:54:52.191938+00:00,INFO,ANPR_DETECTION,GJ11CH0340,6,CAM-GJ-AHM-006,S.G. Highway CCTV Node #06,Ahmedabad,False,NEW,📷 ANPR Detection: GJ11CH0340,"Detected at S.G. Highway CCTV Node #06 (23.0225, 72.5714). Watchlist Hit: False"
anpr-ingest-5b1e4279,2026-09-01 12:54:52.128842+00:00,INFO,ANPR_DETECTION,GJ11CH0340,6,CAM-GJ-AHM-006,S.G. Highway CCTV Node #06,Ahmedabad,False,NEW,📷 ANPR Detection: GJ11CH0340,"Detected at S.G. Highway CCTV Node #06 (23.0225, 72.5714). Watchlist Hit: False"
anpr-ingest-dde065e8,2026-09-01 12:54:51.959176+00:00,INFO,ANPR_DETECTION,GJ11CH0340,6,CAM-GJ-AHM-006,S.G. Highway CCTV Node #06,Ahmedabad,False,NEW,📷 ANPR Detection: GJ11CH0340,"Detected at S.G. Highway CCTV Node #06 (23.0225, 72.5714). Watchlist Hit: False"
anpr-ingest-7bddf225,2026-09-01 12:54:51.540558+00:00,INFO,ANPR_DETECTION,GJ11CH0340,6,CAM-GJ-AHM-006,S.G. Highway CCTV Node #06,Ahmedabad,False,NEW,📷 ANPR Detection: GJ11CH0340,"Detected at S.G. Highway CCTV Node #06 (23.0225, 72.5714). Watchlist Hit: False"
anpr-ingest-18ce8acb,2026-09-01 12:54:51.532661+00:00,INFO,ANPR_DETECTION,GJ11CH0340,6,CAM-GJ-AHM-006,S.G. Highway CCTV Node #06,Ahmedabad,False,NEW,📷 ANPR Detection: GJ11CH0340,"Detected at S.G. Highway CCTV Node #06 (23.0225, 72.5714). Watchlist Hit: False"
anpr-ingest-e3e73ad8,2026-09-01 12:54:51.377785+00:00,INFO,ANPR_DETECTION,GJ11CH0340,6,CAM-GJ-AHM-006,S.G. Highway CCTV Node #06,Ahmedabad,False,NEW,📷 ANPR Detection: GJ11CH0340,"Detected at S.G. Highway CCTV Node #06 (23.0225, 72.5714). Watchlist Hit: False"
anpr-ingest-244c5baa,2026-09-01 12:54:51.292546+00:00,INFO,ANPR_DETECTION,GJ11CH0340,6,CAM-GJ-AHM-006,S.G. Highway CCTV Node #06,Ahmedabad,False,NEW,📷 ANPR Detection: GJ11CH0340,"Detected at S.G. Highway CCTV Node #06 (23.0225, 72.5714). Watchlist Hit: False"
anpr-ingest-426c7918,2026-09-01 12:54:51.176572+00:00,INFO,ANPR_DETECTION,GJ11CH0340,6,CAM-GJ-AHM-006,S.G. Highway CCTV Node #06,Ahmedabad,False,NEW,📷 ANPR Detection: GJ11CH0340,"Detected at S.G. Highway CCTV Node #06 (23.0225, 72.5714). Watchlist Hit: False"
anpr-ingest-aed618b9,2026-09-01 12:54:51.156557+00:00,INFO,ANPR_DETECTION,GJ11C0340,6,CAM-GJ-AHM-006,S.G. Highway CCTV Node #06,Ahmedabad,False,NEW,📷 ANPR Detection: GJ11C0340,"Detected at S.G. Highway CCTV Node #06 (23.0225, 72.5714). Watchlist Hit: False"
anpr-ingest-a88ad379,2026-09-01 12:54:50.770888+00:00,INFO,ANPR_DETECTION,GJ11CH0340,6,CAM-GJ-AHM-006,S.G. Highway CCTV Node #06,Ahmedabad,False,NEW,📷 ANPR Detection: GJ11CH0340,"Detected at S.G. Highway CCTV Node #06 (23.0225, 72.5714). Watchlist Hit: False"
anpr-ingest-8f98938b,2026-09-01 12:54:50.770347+00:00,INFO,ANPR_DETECTION,GJ11CH0340,6,CAM-GJ-AHM-006,S.G. Highway CCTV Node #06,Ahmedabad,False,NEW,📷 ANPR Detection: GJ11CH0340,"Detected at S.G. Highway CCTV Node #06 (23.0225, 72.5714). Watchlist Hit: False"
anpr-ingest-0058b1c6,2026-09-01 12:54:50.769730+00:00,INFO,ANPR_DETECTION,GJ11CM0340,6,CAM-GJ-AHM-006,S.G. Highway CCTV Node #06,Ahmedabad,False,NEW,📷 ANPR Detection: GJ11CM0340,"Detected at S.G. Highway CCTV Node #06 (23.0225, 72.5714). Watchlist Hit: False"
anpr-ingest-ea649e80,2026-09-01 12:54:50.769242+00:00,INFO,ANPR_DETECTION,GJ11CH0340,6,CAM-GJ-AHM-006,S.G. Highway CCTV Node #06,Ahmedabad,False,NEW,📷 ANPR Detection: GJ11CH0340,"Detected at S.G. Highway CCTV Node #06 (23.0225, 72.5714). Watchlist Hit: False"
anpr-ingest-db8c8602,2026-09-01 12:54:50.768590+00:00,INFO,ANPR_DETECTION,GJ11CH0340,6,CAM-GJ-AHM-006,S.G. Highway CCTV Node #06,Ahmedabad,False,NEW,📷 ANPR Detection: GJ11CH0340,"Detected at S.G. Highway CCTV Node #06 (23.0225, 72.5714). Watchlist Hit: False"
anpr-ingest-c8b2d543,2026-09-01 12:54:50.768552+00:00,INFO,ANPR_DETECTION,GJ11CH0340,6,CAM-GJ-AHM-006,S.G. Highway CCTV Node #06,Ahmedabad,False,NEW,📷 ANPR Detection: GJ11CH0340,"Detected at S.G. Highway CCTV Node #06 (23.0225, 72.5714). Watchlist Hit: False"
anpr-ingest-6c740689,2026-09-01 12:54:50.768552+00:00,INFO,ANPR_DETECTION,GJ11CH0340,6,CAM-GJ-AHM-006,S.G. Highway CCTV Node #06,Ahmedabad,False,NEW,📷 ANPR Detection: GJ11CH0340,"Detected at S.G. Highway CCTV Node #06 (23.0225, 72.5714). Watchlist Hit: False"
anpr-ingest-1d337748,2026-09-01 12:54:50.764381+00:00,INFO,ANPR_DETECTION,GJ11CH0340,6,CAM-GJ-AHM-006,S.G. Highway CCTV Node #06,Ahmedabad,False,NEW,📷 ANPR Detection: GJ11CH0340,"Detected at S.G. Highway CCTV Node #06 (23.0225, 72.5714). Watchlist Hit: False"
anpr-ingest-53395ff5,2026-09-01 12:54:50.763819+00:00,INFO,ANPR_DETECTION,GJ11CH0340,6,CAM-GJ-AHM-006,S.G. Highway CCTV Node #06,Ahmedabad,False,NEW,📷 ANPR Detection: GJ11CH0340,"Detected at S.G. Highway CCTV Node #06 (23.0225, 72.5714). Watchlist Hit: False"
anpr-ingest-2551424c,2026-09-01 12:54:50.763162+00:00,INFO,ANPR_DETECTION,GJ11CH0340,6,CAM-GJ-AHM-006,S.G. Highway CCTV Node #06,Ahmedabad,False,NEW,📷 ANPR Detection: GJ11CH0340,"Detected at S.G. Highway CCTV Node #06 (23.0225, 72.5714). Watchlist Hit: False"
anpr-ingest-835dd1ad,2026-09-01 12:54:50.762371+00:00,INFO,ANPR_DETECTION,GJ1CH0340,6,CAM-GJ-AHM-006,S.G. Highway CCTV Node #06,Ahmedabad,False,NEW,📷 ANPR Detection: GJ1CH0340,"Detected at S.G. Highway CCTV Node #06 (23.0225, 72.5714). Watchlist Hit: False"
anpr-ingest-9b9639e4,2026-09-01 12:54:50.015000+00:00,INFO,ANPR_DETECTION,GJ11CH0340,6,CAM-GJ-AHM-006,S.G. Highway CCTV Node #06,Ahmedabad,False,NEW,📷 ANPR Detection: GJ11CH0340,"Detected at S.G. Highway CCTV Node #06 (23.0225, 72.5714). Watchlist Hit: False"
anpr-ingest-d1832970,2026-09-01 12:54:50.013652+00:00,INFO,ANPR_DETECTION,GJ11CH0340,6,CAM-GJ-AHM-006,S.G. Highway CCTV Node #06,Ahmedabad,False,NEW,📷 ANPR Detection: GJ11CH0340,"Detected at S.G. Highway CCTV Node #06 (23.0225, 72.5714). Watchlist Hit: False"
anpr-ingest-ccb7661a,2026-09-01 12:54:49.859803+00:00,INFO,ANPR_DETECTION,GJ11CH030,6,CAM-GJ-AHM-006,S.G. Highway CCTV Node #06,Ahmedabad,False,NEW,📷 ANPR Detection: GJ11CH030,"Detected at S.G. Highway CCTV Node #06 (23.0225, 72.5714). Watchlist Hit: False"
anpr-ingest-4a29a9c8,2026-09-01 12:54:49.856436+00:00,INFO,ANPR_DETECTION,GJ11CH0340,6,CAM-GJ-AHM-006,S.G. Highway CCTV Node #06,Ahmedabad,False,NEW,📷 ANPR Detection: GJ11CH0340,"Detected at S.G. Highway CCTV Node #06 (23.0225, 72.5714). Watchlist Hit: False"
anpr-ingest-085a1cd3,2026-09-01 12:54:49.664830+00:00,INFO,ANPR_DETECTION,GJ11CH0340,6,CAM-GJ-AHM-006,S.G. Highway CCTV Node #06,Ahmedabad,False,NEW,📷 ANPR Detection: GJ11CH0340,"Detected at S.G. Highway CCTV Node #06 (23.0225, 72.5714). Watchlist Hit: False"
anpr-ingest-23a7c0a3,2026-09-01 12:54:49.472564+00:00,INFO,ANPR_DETECTION,GJ11CHD340,6,CAM-GJ-AHM-006,S.G. Highway CCTV Node #06,Ahmedabad,False,NEW,📷 ANPR Detection: GJ11CHD340,"Detected at S.G. Highway CCTV Node #06 (23.0225, 72.5714). Watchlist Hit: False"
anpr-ingest-bb0b754f,2026-09-01 12:54:49.290296+00:00,INFO,ANPR_DETECTION,GJ11CH0340,6,CAM-GJ-AHM-006,S.G. Highway CCTV Node #06,Ahmedabad,False,NEW,📷 ANPR Detection: GJ11CH0340,"Detected at S.G. Highway CCTV Node #06 (23.0225, 72.5714). Watchlist Hit: False"
anpr-ingest-77055ad7,2026-09-01 12:54:49.289165+00:00,INFO,ANPR_DETECTION,GJ11CH0340,6,CAM-GJ-AHM-006,S.G. Highway CCTV Node #06,Ahmedabad,False,NEW,📷 ANPR Detection: GJ11CH0340,"Detected at S.G. Highway CCTV Node #06 (23.0225, 72.5714). Watchlist Hit: False"
anpr-ingest-6481b305,2026-09-01 12:54:49.281853+00:00,INFO,ANPR_DETECTION,GJ11CH0340,6,CAM-GJ-AHM-006,S.G. Highway CCTV Node #06,Ahmedabad,False,NEW,📷 ANPR Detection: GJ11CH0340,"Detected at S.G. Highway CCTV Node #06 (23.0225, 72.5714). Watchlist Hit: False"
anpr-ingest-156126be,2026-09-01 12:54:49.076898+00:00,INFO,ANPR_DETECTION,GJ11CH0340,6,CAM-GJ-AHM-006,S.G. Highway CCTV Node #06,Ahmedabad,False,NEW,📷 ANPR Detection: GJ11CH0340,"Detected at S.G. Highway CCTV Node #06 (23.0225, 72.5714). Watchlist Hit: False"
anpr-ingest-dc38a5ad,2026-09-01 12:54:48.916463+00:00,INFO,ANPR_DETECTION,GJ11CHD340,6,CAM-GJ-AHM-006,S.G. Highway CCTV Node #06,Ahmedabad,False,NEW,📷 ANPR Detection: GJ11CHD340,"Detected at S.G. Highway CCTV Node #06 (23.0225, 72.5714). Watchlist Hit: False"
anpr-ingest-b675d139,2026-09-01 12:54:48.832087+00:00,INFO,ANPR_DETECTION,GJ11CH0340,6,CAM-GJ-AHM-006,S.G. Highway CCTV Node #06,Ahmedabad,False,NEW,📷 ANPR Detection: GJ11CH0340,"Detected at S.G. Highway CCTV Node #06 (23.0225, 72.5714). Watchlist Hit: False"
anpr-ingest-c6ccd90a,2026-09-01 12:54:48.703336+00:00,INFO,ANPR_DETECTION,GJ11CH0110,6,CAM-GJ-AHM-006,S.G. Highway CCTV Node #06,Ahmedabad,False,NEW,📷 ANPR Detection: GJ11CH0110,"Detected at S.G. Highway CCTV Node #06 (23.0225, 72.5714). Watchlist Hit: False"
anpr-ingest-e71738a5,2026-09-01 12:54:40.637085+00:00,INFO,ANPR_DETECTION,GJ3GR4094,6,CAM-GJ-AHM-006,S.G. Highway CCTV Node #06,Ahmedabad,False,NEW,📷 ANPR Detection: GJ3GR4094,"Detected at S.G. Highway CCTV Node #06 (23.0225, 72.5714). Watchlist Hit: False"
anpr-ingest-b2511dbe,2026-09-01 12:54:40.630360+00:00,INFO,ANPR_DETECTION,GJ36R4094,6,CAM-GJ-AHM-006,S.G. Highway CCTV Node #06,Ahmedabad,False,NEW,📷 ANPR Detection: GJ36R4094,"Detected at S.G. Highway CCTV Node #06 (23.0225, 72.5714). Watchlist Hit: False"
anpr-ingest-ed702ee6,2026-09-01 12:54:40.499089+00:00,INFO,ANPR_DETECTION,GJ36R4094,6,CAM-GJ-AHM-006,S.G. Highway CCTV Node #06,Ahmedabad,False,NEW,📷 ANPR Detection: GJ36R4094,"Detected at S.G. Highway CCTV Node #06 (23.0225, 72.5714). Watchlist Hit: False"
anpr-ingest-bffe0ac2,2026-09-01 12:54:40.420932+00:00,INFO,ANPR_DETECTION,GJ36R4094,6,CAM-GJ-AHM-006,S.G. Highway CCTV Node #06,Ahmedabad,False,NEW,📷 ANPR Detection: GJ36R4094,"Detected at S.G. Highway CCTV Node #06 (23.0225, 72.5714). Watchlist Hit: False"
anpr-ingest-f376b6a9,2026-09-01 12:54:40.420784+00:00,INFO,ANPR_DETECTION,GJ36R4094,6,CAM-GJ-AHM-006,S.G. Highway CCTV Node #06,Ahmedabad,False,NEW,📷 ANPR Detection: GJ36R4094,"Detected at S.G. Highway CCTV Node #06 (23.0225, 72.5714). Watchlist Hit: False"
anpr-ingest-2cca3b6e,2026-09-01 12:54:40.416649+00:00,INFO,ANPR_DETECTION,GJ3GR4094,6,CAM-GJ-AHM-006,S.G. Highway CCTV Node #06,Ahmedabad,False,NEW,📷 ANPR Detection: GJ3GR4094,"Detected at S.G. Highway CCTV Node #06 (23.0225, 72.5714). Watchlist Hit: False"
anpr-ingest-429627ba,2026-09-01 12:54:40.283396+00:00,INFO,ANPR_DETECTION,GJ36R4094,6,CAM-GJ-AHM-006,S.G. Highway CCTV Node #06,Ahmedabad,False,NEW,📷 ANPR Detection: GJ36R4094,"Detected at S.G. Highway CCTV Node #06 (23.0225, 72.5714). Watchlist Hit: False"
anpr-ingest-77a30b1b,2026-09-01 12:54:40.123591+00:00,INFO,ANPR_DETECTION,GJ36R4094,6,CAM-GJ-AHM-006,S.G. Highway CCTV Node #06,Ahmedabad,False,NEW,📷 ANPR Detection: GJ36R4094,"Detected at S.G. Highway CCTV Node #06 (23.0225, 72.5714). Watchlist Hit: False"
anpr-ingest-eaf79e50,2026-09-01 12:54:40.120083+00:00,INFO,ANPR_DETECTION,GJ36R4094,6,CAM-GJ-AHM-006,S.G. Highway CCTV Node #06,Ahmedabad,False,NEW,📷 ANPR Detection: GJ36R4094,"Detected at S.G. Highway CCTV Node #06 (23.0225, 72.5714). Watchlist Hit: False"
anpr-ingest-eb60998b,2026-09-01 12:54:40.119451+00:00,INFO,ANPR_DETECTION,GJ36R4094,6,CAM-GJ-AHM-006,S.G. Highway CCTV Node #06,Ahmedabad,False,NEW,📷 ANPR Detection: GJ36R4094,"Detected at S.G. Highway CCTV Node #06 (23.0225, 72.5714). Watchlist Hit: False"
anpr-ingest-f252767b,2026-09-01 12:54:40.117545+00:00,INFO,ANPR_DETECTION,GJ36R4094,6,CAM-GJ-AHM-006,S.G. Highway CCTV Node #06,Ahmedabad,False,NEW,📷 ANPR Detection: GJ36R4094,"Detected at S.G. Highway CCTV Node #06 (23.0225, 72.5714). Watchlist Hit: False"
anpr-ingest-1d6e55b9,2026-09-01 12:54:40.116867+00:00,INFO,ANPR_DETECTION,GJ36R4094,6,CAM-GJ-AHM-006,S.G. Highway CCTV Node #06,Ahmedabad,False,NEW,📷 ANPR Detection: GJ36R4094,"Detected at S.G. Highway CCTV Node #06 (23.0225, 72.5714). Watchlist Hit: False"
anpr-ingest-cee66a3c,2026-09-01 12:54:40.116149+00:00,INFO,ANPR_DETECTION,GJ36R4094,6,CAM-GJ-AHM-006,S.G. Highway CCTV Node #06,Ahmedabad,False,NEW,📷 ANPR Detection: GJ36R4094,"Detected at S.G. Highway CCTV Node #06 (23.0225, 72.5714). Watchlist Hit: False"
anpr-ingest-b5bb2b93,2026-09-01 12:54:40.115493+00:00,INFO,ANPR_DETECTION,GJ3R4094,6,CAM-GJ-AHM-006,S.G. Highway CCTV Node #06,Ahmedabad,False,NEW,📷 ANPR Detection: GJ3R4094,"Detected at S.G. Highway CCTV Node #06 (23.0225, 72.5714). Watchlist Hit: False"
anpr-ingest-d8c70982,2026-09-01 12:54:40.115154+00:00,INFO,ANPR_DETECTION,GJ36R4094,6,CAM-GJ-AHM-006,S.G. Highway CCTV Node #06,Ahmedabad,False,NEW,📷 ANPR Detection: GJ36R4094,"Detected at S.G. Highway CCTV Node #06 (23.0225, 72.5714). Watchlist Hit: False"
anpr-ingest-e7b75825,2026-09-01 12:54:40.046120+00:00,INFO,ANPR_DETECTION,GJ36R4094,6,CAM-GJ-AHM-006,S.G. Highway CCTV Node #06,Ahmedabad,False,NEW,📷 ANPR Detection: GJ36R4094,"Detected at S.G. Highway CCTV Node #06 (23.0225, 72.5714). Watchlist Hit: False"
anpr-ingest-76717823,2026-09-01 12:54:39.600639+00:00,INFO,ANPR_DETECTION,GJ36R4094,6,CAM-GJ-AHM-006,S.G. Highway CCTV Node #06,Ahmedabad,False,NEW,📷 ANPR Detection: GJ36R4094,"Detected at S.G. Highway CCTV Node #06 (23.0225, 72.5714). Watchlist Hit: False"
anpr-ingest-061eed31,2026-09-01 12:54:39.420764+00:00,INFO,ANPR_DETECTION,GJ36R4094,6,CAM-GJ-AHM-006,S.G. Highway CCTV Node #06,Ahmedabad,False,NEW,📷 ANPR Detection: GJ36R4094,"Detected at S.G. Highway CCTV Node #06 (23.0225, 72.5714). Watchlist Hit: False"
anpr-ingest-d95f59c7,2026-09-01 12:54:39.419958+00:00,INFO,ANPR_DETECTION,GJ36R4094,6,CAM-GJ-AHM-006,S.G. Highway CCTV Node #06,Ahmedabad,False,NEW,📷 ANPR Detection: GJ36R4094,"Detected at S.G. Highway CCTV Node #06 (23.0225, 72.5714). Watchlist Hit: False"
anpr-ingest-bcf69a5a,2026-09-01 12:54:39.419465+00:00,INFO,ANPR_DETECTION,GJ36R4094,6,CAM-GJ-AHM-006,S.G. Highway CCTV Node #06,Ahmedabad,False,NEW,📷 ANPR Detection: GJ36R4094,"Detected at S.G. Highway CCTV Node #06 (23.0225, 72.5714). Watchlist Hit: False"
anpr-ingest-7fa9c9b3,2026-09-01 12:54:39.412911+00:00,INFO,ANPR_DETECTION,GJ36R4094,6,CAM-GJ-AHM-006,S.G. Highway CCTV Node #06,Ahmedabad,False,NEW,📷 ANPR Detection: GJ36R4094,"Detected at S.G. Highway CCTV Node #06 (23.0225, 72.5714). Watchlist Hit: False"
anpr-ingest-e6f22fb3,2026-09-01 12:54:39.412442+00:00,INFO,ANPR_DETECTION,GJ36R4094,6,CAM-GJ-AHM-006,S.G. Highway CCTV Node #06,Ahmedabad,False,NEW,📷 ANPR Detection: GJ36R4094,"Detected at S.G. Highway CCTV Node #06 (23.0225, 72.5714). Watchlist Hit: False"
anpr-ingest-1348d283,2026-09-01 12:54:39.411258+00:00,INFO,ANPR_DETECTION,GJ36R4094,6,CAM-GJ-AHM-006,S.G. Highway CCTV Node #06,Ahmedabad,False,NEW,📷 ANPR Detection: GJ36R4094,"Detected at S.G. Highway CCTV Node #06 (23.0225, 72.5714). Watchlist Hit: False"
anpr-ingest-9e1b0924,2026-09-01 12:54:39.159571+00:00,INFO,ANPR_DETECTION,GJ36R4094,6,CAM-GJ-AHM-006,S.G. Highway CCTV Node #06,Ahmedabad,False,NEW,📷 ANPR Detection: GJ36R4094,"Detected at S.G. Highway CCTV Node #06 (23.0225, 72.5714). Watchlist Hit: False"
anpr-ingest-332bb3d7,2026-09-01 12:54:38.896864+00:00,INFO,ANPR_DETECTION,GJ6R4094,6,CAM-GJ-AHM-006,S.G. Highway CCTV Node #06,Ahmedabad,False,NEW,📷 ANPR Detection: GJ6R4094,"Detected at S.G. Highway CCTV Node #06 (23.0225, 72.5714). Watchlist Hit: False"
anpr-ingest-43637e6e,2026-09-01 12:54:37.619245+00:00,INFO,ANPR_DETECTION,GJ10CG4786,6,CAM-GJ-AHM-006,S.G. Highway CCTV Node #06,Ahmedabad,False,NEW,📷 ANPR Detection: GJ10CG4786,"Detected at S.G. Highway CCTV Node #06 (23.0225, 72.5714). Watchlist Hit: False"
anpr-ingest-3b7a00ad,2026-09-01 12:54:37.613486+00:00,INFO,ANPR_DETECTION,GJ10CG4786,6,CAM-GJ-AHM-006,S.G. Highway CCTV Node #06,Ahmedabad,False,NEW,📷 ANPR Detection: GJ10CG4786,"Detected at S.G. Highway CCTV Node #06 (23.0225, 72.5714). Watchlist Hit: False"
anpr-ingest-f49c5ff6,2026-09-01 12:54:37.419178+00:00,INFO,ANPR_DETECTION,GJ10CG4786,6,CAM-GJ-AHM-006,S.G. Highway CCTV Node #06,Ahmedabad,False,NEW,📷 ANPR Detection: GJ10CG4786,"Detected at S.G. Highway CCTV Node #06 (23.0225, 72.5714). Watchlist Hit: False"
anpr-ingest-a1a2ae4b,2026-09-01 12:54:37.413287+00:00,INFO,ANPR_DETECTION,GJ10CG4786,6,CAM-GJ-AHM-006,S.G. Highway CCTV Node #06,Ahmedabad,False,NEW,📷 ANPR Detection: GJ10CG4786,"Detected at S.G. Highway CCTV Node #06 (23.0225, 72.5714). Watchlist Hit: False"
anpr-ingest-dfa5fc45,2026-09-01 12:54:37.409632+00:00,INFO,ANPR_DETECTION,GJ10CG4786,6,CAM-GJ-AHM-006,S.G. Highway CCTV Node #06,Ahmedabad,False,NEW,📷 ANPR Detection: GJ10CG4786,"Detected at S.G. Highway CCTV Node #06 (23.0225, 72.5714). Watchlist Hit: False"
anpr-ingest-fd469b6b,2026-09-01 12:54:37.184722+00:00,INFO,ANPR_DETECTION,GJ10CG4786,6,CAM-GJ-AHM-006,S.G. Highway CCTV Node #06,Ahmedabad,False,NEW,📷 ANPR Detection: GJ10CG4786,"Detected at S.G. Highway CCTV Node #06 (23.0225, 72.5714). Watchlist Hit: False"
anpr-ingest-9199b5be,2026-09-01 12:54:37.046925+00:00,INFO,ANPR_DETECTION,GJ10CG4786,6,CAM-GJ-AHM-006,S.G. Highway CCTV Node #06,Ahmedabad,False,NEW,📷 ANPR Detection: GJ10CG4786,"Detected at S.G. Highway CCTV Node #06 (23.0225, 72.5714). Watchlist Hit: False"
anpr-ingest-17726374,2026-09-01 12:54:36.548571+00:00,INFO,ANPR_DETECTION,GJ10CG4786,6,CAM-GJ-AHM-006,S.G. Highway CCTV Node #06,Ahmedabad,False,NEW,📷 ANPR Detection: GJ10CG4786,"Detected at S.G. Highway CCTV Node #06 (23.0225, 72.5714). Watchlist Hit: False"
anpr-ingest-33e1d4c1,2026-09-01 12:54:36.545047+00:00,INFO,ANPR_DETECTION,GJ10CG4786,6,CAM-GJ-AHM-006,S.G. Highway CCTV Node #06,Ahmedabad,False,NEW,📷 ANPR Detection: GJ10CG4786,"Detected at S.G. Highway CCTV Node #06 (23.0225, 72.5714). Watchlist Hit: False"
anpr-ingest-8dc6d627,2026-09-01 12:54:36.422242+00:00,INFO,ANPR_DETECTION,GJ10CG4786,6,CAM-GJ-AHM-006,S.G. Highway CCTV Node #06,Ahmedabad,False,NEW,📷 ANPR Detection: GJ10CG4786,"Detected at S.G. Highway CCTV Node #06 (23.0225, 72.5714). Watchlist Hit: False"
anpr-ingest-2a655470,2026-09-01 12:54:36.414899+00:00,INFO,ANPR_DETECTION,GJ10CG4796,6,CAM-GJ-AHM-006,S.G. Highway CCTV Node #06,Ahmedabad,False,NEW,📷 ANPR Detection: GJ10CG4796,"Detected at S.G. Highway CCTV Node #06 (23.0225, 72.5714). Watchlist Hit: False"
anpr-ingest-d4bfffca,2026-09-01 12:54:36.280810+00:00,INFO,ANPR_DETECTION,GJ10CGJ786,6,CAM-GJ-AHM-006,S.G. Highway CCTV Node #06,Ahmedabad,False,NEW,📷 ANPR Detection: GJ10CGJ786,"Detected at S.G. Highway CCTV Node #06 (23.0225, 72.5714). Watchlist Hit: False"
anpr-ingest-4182d591,2026-09-01 12:54:36.216536+00:00,INFO,ANPR_DETECTION,GJ10CG4786,6,CAM-GJ-AHM-006,S.G. Highway CCTV Node #06,Ahmedabad,False,NEW,📷 ANPR Detection: GJ10CG4786,"Detected at S.G. Highway CCTV Node #06 (23.0225, 72.5714). Watchlist Hit: False"
anpr-ingest-4c6c6538,2026-09-01 12:54:36.075332+00:00,INFO,ANPR_DETECTION,GJ10CG4786,6,CAM-GJ-AHM-006,S.G. Highway CCTV Node #06,Ahmedabad,False,NEW,📷 ANPR Detection: GJ10CG4786,"Detected at S.G. Highway CCTV Node #06 (23.0225, 72.5714). Watchlist Hit: False"
anpr-ingest-2767be93,2026-09-01 12:54:36.072423+00:00,INFO,ANPR_DETECTION,GJ10CG4786,6,CAM-GJ-AHM-006,S.G. Highway CCTV Node #06,Ahmedabad,False,NEW,📷 ANPR Detection: GJ10CG4786,"Detected at S.G. Highway CCTV Node #06 (23.0225, 72.5714). Watchlist Hit: False"
anpr-ingest-8f628948,2026-09-01 12:54:35.941116+00:00,INFO,ANPR_DETECTION,GJ10CG4786,6,CAM-GJ-AHM-006,S.G. Highway CCTV Node #06,Ahmedabad,False,NEW,📷 ANPR Detection: GJ10CG4786,"Detected at S.G. Highway CCTV Node #06 (23.0225, 72.5714). Watchlist Hit: False"
anpr-ingest-380b20dd,2026-09-01 12:54:35.863744+00:00,INFO,ANPR_DETECTION,GJ10CG4786,6,CAM-GJ-AHM-006,S.G. Highway CCTV Node #06,Ahmedabad,False,NEW,📷 ANPR Detection: GJ10CG4786,"Detected at S.G. Highway CCTV Node #06 (23.0225, 72.5714). Watchlist Hit: False"
anpr-ingest-d23ede97,2026-09-01 12:54:35.683463+00:00,INFO,ANPR_DETECTION,GJ10CG4786,6,CAM-GJ-AHM-006,S.G. Highway CCTV Node #06,Ahmedabad,False,NEW,📷 ANPR Detection: GJ10CG4786,"Detected at S.G. Highway CCTV Node #06 (23.0225, 72.5714). Watchlist Hit: False"
anpr-ingest-6115ab90,2026-09-01 12:54:35.410913+00:00,INFO,ANPR_DETECTION,GJ1DCG786,6,CAM-GJ-AHM-006,S.G. Highway CCTV Node #06,Ahmedabad,False,NEW,📷 ANPR Detection: GJ1DCG786,"Detected at S.G. Highway CCTV Node #06 (23.0225, 72.5714). Watchlist Hit: False"
anpr-ingest-e778a8c2,2026-09-01 12:54:32.981972+00:00,INFO,ANPR_DETECTION,GJ0220Q1,7,CAM-GJ-VAD-007,Alkapuri Junction CCTV Node #07,Vadodara,False,NEW,📷 ANPR Detection: GJ0220Q1,"Detected at Alkapuri Junction CCTV Node #07 (22.3039, 70.8022). Watchlist Hit: False"
anpr-ingest-a9ee44e0,2026-09-01 12:54:31.642830+00:00,INFO,ANPR_DETECTION,GJ3Z145,7,CAM-GJ-VAD-007,Alkapuri Junction CCTV Node #07,Vadodara,False,NEW,📷 ANPR Detection: GJ3Z145,"Detected at Alkapuri Junction CCTV Node #07 (22.3039, 70.8022). Watchlist Hit: False"
anpr-ingest-314b8054,2026-09-01 12:54:30.200123+00:00,INFO,ANPR_DETECTION,GJ3ZK1001,7,CAM-GJ-VAD-007,Alkapuri Junction CCTV Node #07,Vadodara,False,NEW,📷 ANPR Detection: GJ3ZK1001,"Detected at Alkapuri Junction CCTV Node #07 (22.3039, 70.8022). Watchlist Hit: False"
anpr-ingest-ae027a8f,2026-09-01 11:30:41.543941+00:00,INFO,ANPR_DETECTION,GJ01WS7852,6,CAM-GJ-AHM-006,S.G. Highway CCTV Node #06,Ahmedabad,False,NEW,📷 ANPR Detection: GJ01WS7852,"Detected at S.G. Highway CCTV Node #06 (23.0225, 72.5714). Watchlist Hit: False"
anpr-ingest-dc51602b,2026-09-01 11:30:41.461777+00:00,INFO,ANPR_DETECTION,GJ01WS7852,6,CAM-GJ-AHM-006,S.G. Highway CCTV Node #06,Ahmedabad,False,NEW,📷 ANPR Detection: GJ01WS7852,"Detected at S.G. Highway CCTV Node #06 (23.0225, 72.5714). Watchlist Hit: False"
anpr-ingest-44bfb01b,2026-09-01 11:30:41.376961+00:00,INFO,ANPR_DETECTION,GJ02BP162,6,CAM-GJ-AHM-006,S.G. Highway CCTV Node #06,Ahmedabad,False,NEW,📷 ANPR Detection: GJ02BP162,"Detected at S.G. Highway CCTV Node #06 (23.0225, 72.5714). Watchlist Hit: False"
anpr-ingest-73b12a55,2026-09-01 11:30:41.291830+00:00,INFO,ANPR_DETECTION,GJ02BP1625,6,CAM-GJ-AHM-006,S.G. Highway CCTV Node #06,Ahmedabad,False,NEW,📷 ANPR Detection: GJ02BP1625,"Detected at S.G. Highway CCTV Node #06 (23.0225, 72.5714). Watchlist Hit: False"
anpr-ingest-68110bb2,2026-09-01 11:30:41.219297+00:00,INFO,ANPR_DETECTION,GJ028P16,6,CAM-GJ-AHM-006,S.G. Highway CCTV Node #06,Ahmedabad,False,NEW,📷 ANPR Detection: GJ028P16,"Detected at S.G. Highway CCTV Node #06 (23.0225, 72.5714). Watchlist Hit: False"
anpr-ingest-b545449f,2026-09-01 11:30:41.212563+00:00,INFO,ANPR_DETECTION,GJ02BP1625,6,CAM-GJ-AHM-006,S.G. Highway CCTV Node #06,Ahmedabad,False,NEW,📷 ANPR Detection: GJ02BP1625,"Detected at S.G. Highway CCTV Node #06 (23.0225, 72.5714). Watchlist Hit: False"
anpr-ingest-bdc59d2f,2026-09-01 11:30:41.070851+00:00,INFO,ANPR_DETECTION,GJ028P16,6,CAM-GJ-AHM-006,S.G. Highway CCTV Node #06,Ahmedabad,False,NEW,📷 ANPR Detection: GJ028P16,"Detected at S.G. Highway CCTV Node #06 (23.0225, 72.5714). Watchlist Hit: False"
anpr-ingest-edab7101,2026-09-01 11:30:41.058841+00:00,INFO,ANPR_DETECTION,GJ02BP1625,6,CAM-GJ-AHM-006,S.G. Highway CCTV Node #06,Ahmedabad,False,NEW,📷 ANPR Detection: GJ02BP1625,"Detected at S.G. Highway CCTV Node #06 (23.0225, 72.5714). Watchlist Hit: False"
anpr-ingest-b0086f3e,2026-09-01 11:30:41.058054+00:00,INFO,ANPR_DETECTION,GJ028P1625,6,CAM-GJ-AHM-006,S.G. Highway CCTV Node #06,Ahmedabad,False,NEW,📷 ANPR Detection: GJ028P1625,"Detected at S.G. Highway CCTV Node #06 (23.0225, 72.5714). Watchlist Hit: False"
anpr-ingest-09ac4bbf,2026-09-01 11:30:41.058018+00:00,INFO,ANPR_DETECTION,GJ02BP1625,6,CAM-GJ-AHM-006,S.G. Highway CCTV Node #06,Ahmedabad,False,NEW,📷 ANPR Detection: GJ02BP1625,"Detected at S.G. Highway CCTV Node #06 (23.0225, 72.5714). Watchlist Hit: False"
anpr-ingest-207124d0,2026-09-01 11:30:40.778903+00:00,INFO,ANPR_DETECTION,GJ028P16,6,CAM-GJ-AHM-006,S.G. Highway CCTV Node #06,Ahmedabad,False,NEW,📷 ANPR Detection: GJ028P16,"Detected at S.G. Highway CCTV Node #06 (23.0225, 72.5714). Watchlist Hit: False"
anpr-ingest-542f0b3a,2026-09-01 11:30:40.778852+00:00,INFO,ANPR_DETECTION,GJ028P1625,6,CAM-GJ-AHM-006,S.G. Highway CCTV Node #06,Ahmedabad,False,NEW,📷 ANPR Detection: GJ028P1625,"Detected at S.G. Highway CCTV Node #06 (23.0225, 72.5714). Watchlist Hit: False"
anpr-ingest-1d52904d,2026-09-01 11:30:40.621116+00:00,INFO,ANPR_DETECTION,GJ028P1525,6,CAM-GJ-AHM-006,S.G. Highway CCTV Node #06,Ahmedabad,False,NEW,📷 ANPR Detection: GJ028P1525,"Detected at S.G. Highway CCTV Node #06 (23.0225, 72.5714). Watchlist Hit: False"
anpr-ingest-595ea578,2026-09-01 11:30:40.617019+00:00,INFO,ANPR_DETECTION,GJ028P1,6,CAM-GJ-AHM-006,S.G. Highway CCTV Node #06,Ahmedabad,False,NEW,📷 ANPR Detection: GJ028P1,"Detected at S.G. Highway CCTV Node #06 (23.0225, 72.5714). Watchlist Hit: False"
anpr-ingest-8137494d,2026-09-01 11:30:40.455894+00:00,INFO,ANPR_DETECTION,GJ02BP1625,6,CAM-GJ-AHM-006,S.G. Highway CCTV Node #06,Ahmedabad,False,NEW,📷 ANPR Detection: GJ02BP1625,"Detected at S.G. Highway CCTV Node #06 (23.0225, 72.5714). Watchlist Hit: False"
anpr-ingest-2ffe869e,2026-09-01 11:30:40.334101+00:00,INFO,ANPR_DETECTION,GJ01RP764,6,CAM-GJ-AHM-006,S.G. Highway CCTV Node #06,Ahmedabad,False,NEW,📷 ANPR Detection: GJ01RP764,"Detected at S.G. Highway CCTV Node #06 (23.0225, 72.5714). Watchlist Hit: False"
anpr-ingest-e4136e99,2026-09-01 11:30:40.250501+00:00,INFO,ANPR_DETECTION,GJ01RP7644,6,CAM-GJ-AHM-006,S.G. Highway CCTV Node #06,Ahmedabad,False,NEW,📷 ANPR Detection: GJ01RP7644,"Detected at S.G. Highway CCTV Node #06 (23.0225, 72.5714). Watchlist Hit: False"
anpr-ingest-b055ab64,2026-09-01 11:30:40.243910+00:00,INFO,ANPR_DETECTION,GJ02BP16,6,CAM-GJ-AHM-006,S.G. Highway CCTV Node #06,Ahmedabad,False,NEW,📷 ANPR Detection: GJ02BP16,"Detected at S.G. Highway CCTV Node #06 (23.0225, 72.5714). Watchlist Hit: False"
anpr-ingest-fcceaa24,2026-09-01 11:30:40.243597+00:00,INFO,ANPR_DETECTION,GJ01RP764,6,CAM-GJ-AHM-006,S.G. Highway CCTV Node #06,Ahmedabad,False,NEW,📷 ANPR Detection: GJ01RP764,"Detected at S.G. Highway CCTV Node #06 (23.0225, 72.5714). Watchlist Hit: False"
anpr-ingest-8e64cff0,2026-09-01 11:30:40.042224+00:00,INFO,ANPR_DETECTION,GJ01RP76,6,CAM-GJ-AHM-006,S.G. Highway CCTV Node #06,Ahmedabad,False,NEW,📷 ANPR Detection: GJ01RP76,"Detected at S.G. Highway CCTV Node #06 (23.0225, 72.5714). Watchlist Hit: False"
anpr-ingest-a4d8d737,2026-09-01 11:30:39.962818+00:00,INFO,ANPR_DETECTION,GJ028P1,6,CAM-GJ-AHM-006,S.G. Highway CCTV Node #06,Ahmedabad,False,NEW,📷 ANPR Detection: GJ028P1,"Detected at S.G. Highway CCTV Node #06 (23.0225, 72.5714). Watchlist Hit: False"
anpr-ingest-af9cfa2e,2026-09-01 11:30:39.801970+00:00,INFO,ANPR_DETECTION,GJ028P16,6,CAM-GJ-AHM-006,S.G. Highway CCTV Node #06,Ahmedabad,False,NEW,📷 ANPR Detection: GJ028P16,"Detected at S.G. Highway CCTV Node #06 (23.0225, 72.5714). Watchlist Hit: False"
anpr-ingest-f725afc3,2026-09-01 11:30:39.661232+00:00,INFO,ANPR_DETECTION,GJ01RP7644,6,CAM-GJ-AHM-006,S.G. Highway CCTV Node #06,Ahmedabad,False,NEW,📷 ANPR Detection: GJ01RP7644,"Detected at S.G. Highway CCTV Node #06 (23.0225, 72.5714). Watchlist Hit: False"
anpr-ingest-f3afd1b9,2026-09-01 11:30:39.524679+00:00,INFO,ANPR_DETECTION,GJ01RP764,6,CAM-GJ-AHM-006,S.G. Highway CCTV Node #06,Ahmedabad,False,NEW,📷 ANPR Detection: GJ01RP764,"Detected at S.G. Highway CCTV Node #06 (23.0225, 72.5714). Watchlist Hit: False"
anpr-ingest-a52188fd,2026-09-01 11:30:39.141720+00:00,INFO,ANPR_DETECTION,GJ028P1,6,CAM-GJ-AHM-006,S.G. Highway CCTV Node #06,Ahmedabad,False,NEW,📷 ANPR Detection: GJ028P1,"Detected at S.G. Highway CCTV Node #06 (23.0225, 72.5714). Watchlist Hit: False"
anpr-ingest-36c6d634,2026-09-01 11:30:38.879687+00:00,INFO,ANPR_DETECTION,GJ02BP1,6,CAM-GJ-AHM-006,S.G. Highway CCTV Node #06,Ahmedabad,False,NEW,📷 ANPR Detection: GJ02BP1,"Detected at S.G. Highway CCTV Node #06 (23.0225, 72.5714). Watchlist Hit: False"
anpr-ingest-8ab060fb,2026-09-01 11:30:38.878536+00:00,INFO,ANPR_DETECTION,GJ022P1,6,CAM-GJ-AHM-006,S.G. Highway CCTV Node #06,Ahmedabad,False,NEW,📷 ANPR Detection: GJ022P1,"Detected at S.G. Highway CCTV Node #06 (23.0225, 72.5714). Watchlist Hit: False"
anpr-ingest-3622775e,2026-09-01 11:30:38.542778+00:00,INFO,ANPR_DETECTION,GJ02BP1625,6,CAM-GJ-AHM-006,S.G. Highway CCTV Node #06,Ahmedabad,False,NEW,📷 ANPR Detection: GJ02BP1625,"Detected at S.G. Highway CCTV Node #06 (23.0225, 72.5714). Watchlist Hit: False"
anpr-ingest-a87732be,2026-09-01 11:30:38.246502+00:00,INFO,ANPR_DETECTION,GJ01KX2188,6,CAM-GJ-AHM-006,S.G. Highway CCTV Node #06,Ahmedabad,False,NEW,📷 ANPR Detection: GJ01KX2188,"Detected at S.G. Highway CCTV Node #06 (23.0225, 72.5714). Watchlist Hit: False"
anpr-ingest-e8887f20,2026-09-01 11:30:37.929090+00:00,INFO,ANPR_DETECTION,GJ01KA2188,6,CAM-GJ-AHM-006,S.G. Highway CCTV Node #06,Ahmedabad,False,NEW,📷 ANPR Detection: GJ01KA2188,"Detected at S.G. Highway CCTV Node #06 (23.0225, 72.5714). Watchlist Hit: False"
anpr-ingest-dd29bbf7,2026-09-01 11:30:37.512519+00:00,INFO,ANPR_DETECTION,GJ027P162,6,CAM-GJ-AHM-006,S.G. Highway CCTV Node #06,Ahmedabad,False,NEW,📷 ANPR Detection: GJ027P162,"Detected at S.G. Highway CCTV Node #06 (23.0225, 72.5714). Watchlist Hit: False"
anpr-ingest-e6bf96e7,2026-09-01 11:28:00.524587+00:00,CRITICAL,WATCHLIST_MATCH,GJ01BUDDY99,6,CAM-GJ-AHM-006,S.G. Highway CCTV Node #06,Ahmedabad,True,NEW,🚨 WATCHLIST HIT: GJ01BUDDY99,"Detected at S.G. Highway CCTV Node #06 (23.0225, 72.5714). Watchlist Hit: True"
anpr-ingest-3cd014b2,2026-09-01 11:26:33.148938+00:00,CRITICAL,WATCHLIST_MATCH,GJ01REALSNAP,6,CAM-GJ-AHM-006,S.G. Highway CCTV Node #06,Ahmedabad,True,NEW,🚨 WATCHLIST HIT: GJ01REALSNAP,"Detected at S.G. Highway CCTV Node #06 (23.0225, 72.5714). Watchlist Hit: True"
anpr-ingest-efd76e51,2026-09-01 06:36:54.251494+00:00,INFO,ANPR_DETECTION,GJ11CH2,6,CAM-GJ-AHM-006,S.G. Highway CCTV Node #06,Ahmedabad,False,NEW,📷 ANPR Detection: GJ11CH2,"Detected at S.G. Highway CCTV Node #06 (23.0225, 72.5714). Watchlist Hit: False"
anpr-ingest-b0f19fec,2026-09-01 06:36:54.050648+00:00,INFO,ANPR_DETECTION,GJ11AB3566,6,CAM-GJ-AHM-006,S.G. Highway CCTV Node #06,Ahmedabad,False,NEW,📷 ANPR Detection: GJ11AB3566,"Detected at S.G. Highway CCTV Node #06 (23.0225, 72.5714). Watchlist Hit: False"
anpr-ingest-43eb7559,2026-09-01 06:36:54.049935+00:00,INFO,ANPR_DETECTION,GJ11AB3586,6,CAM-GJ-AHM-006,S.G. Highway CCTV Node #06,Ahmedabad,False,NEW,📷 ANPR Detection: GJ11AB3586,"Detected at S.G. Highway CCTV Node #06 (23.0225, 72.5714). Watchlist Hit: False"
anpr-ingest-2e3904f0,2026-09-01 06:36:54.049436+00:00,INFO,ANPR_DETECTION,GJ1AB3566,6,CAM-GJ-AHM-006,S.G. Highway CCTV Node #06,Ahmedabad,False,NEW,📷 ANPR Detection: GJ1AB3566,"Detected at S.G. Highway CCTV Node #06 (23.0225, 72.5714). Watchlist Hit: False"
anpr-ingest-639ba319,2026-09-01 06:36:53.988744+00:00,INFO,ANPR_DETECTION,GJ11AB3566,6,CAM-GJ-AHM-006,S.G. Highway CCTV Node #06,Ahmedabad,False,NEW,📷 ANPR Detection: GJ11AB3566,"Detected at S.G. Highway CCTV Node #06 (23.0225, 72.5714). Watchlist Hit: False"
anpr-ingest-5686fa5b,2026-09-01 06:36:53.768544+00:00,INFO,ANPR_DETECTION,GJ11AB3566,6,CAM-GJ-AHM-006,S.G. Highway CCTV Node #06,Ahmedabad,False,NEW,📷 ANPR Detection: GJ11AB3566,"Detected at S.G. Highway CCTV Node #06 (23.0225, 72.5714). Watchlist Hit: False"
anpr-ingest-691fb749,2026-09-01 06:36:53.699470+00:00,INFO,ANPR_DETECTION,GJ1AB3566,6,CAM-GJ-AHM-006,S.G. Highway CCTV Node #06,Ahmedabad,False,NEW,📷 ANPR Detection: GJ1AB3566,"Detected at S.G. Highway CCTV Node #06 (23.0225, 72.5714). Watchlist Hit: False"
anpr-ingest-58e14bc3,2026-09-01 06:36:53.526245+00:00,INFO,ANPR_DETECTION,GJ11AB3566,6,CAM-GJ-AHM-006,S.G. Highway CCTV Node #06,Ahmedabad,False,NEW,📷 ANPR Detection: GJ11AB3566,"Detected at S.G. Highway CCTV Node #06 (23.0225, 72.5714). Watchlist Hit: False"
anpr-ingest-32330c79,2026-09-01 06:36:53.526245+00:00,INFO,ANPR_DETECTION,GJ11AB3566,6,CAM-GJ-AHM-006,S.G. Highway CCTV Node #06,Ahmedabad,False,NEW,📷 ANPR Detection: GJ11AB3566,"Detected at S.G. Highway CCTV Node #06 (23.0225, 72.5714). Watchlist Hit: False"
anpr-ingest-241c8445,2026-09-01 06:36:53.387860+00:00,INFO,ANPR_DETECTION,GJ1VAB3566,6,CAM-GJ-AHM-006,S.G. Highway CCTV Node #06,Ahmedabad,False,NEW,📷 ANPR Detection: GJ1VAB3566,"Detected at S.G. Highway CCTV Node #06 (23.0225, 72.5714). Watchlist Hit: False"
anpr-ingest-40ce8a95,2026-09-01 06:36:53.256942+00:00,INFO,ANPR_DETECTION,GJ1B3586,6,CAM-GJ-AHM-006,S.G. Highway CCTV Node #06,Ahmedabad,False,NEW,📷 ANPR Detection: GJ1B3586,"Detected at S.G. Highway CCTV Node #06 (23.0225, 72.5714). Watchlist Hit: False"
anpr-ingest-5cd0af5d,2026-09-01 06:36:53.175705+00:00,INFO,ANPR_DETECTION,GJ111B3566,6,CAM-GJ-AHM-006,S.G. Highway CCTV Node #06,Ahmedabad,False,NEW,📷 ANPR Detection: GJ111B3566,"Detected at S.G. Highway CCTV Node #06 (23.0225, 72.5714). Watchlist Hit: False"
anpr-ingest-e5507c92,2026-09-01 06:36:53.173227+00:00,INFO,ANPR_DETECTION,GJ11B3566,6,CAM-GJ-AHM-006,S.G. Highway CCTV Node #06,Ahmedabad,False,NEW,📷 ANPR Detection: GJ11B3566,"Detected at S.G. Highway CCTV Node #06 (23.0225, 72.5714). Watchlist Hit: False"
anpr-ingest-f4c41b02,2026-09-01 06:36:53.048156+00:00,INFO,ANPR_DETECTION,GJ11AB3566,6,CAM-GJ-AHM-006,S.G. Highway CCTV Node #06,Ahmedabad,False,NEW,📷 ANPR Detection: GJ11AB3566,"Detected at S.G. Highway CCTV Node #06 (23.0225, 72.5714). Watchlist Hit: False"
anpr-ingest-20abaadd,2026-09-01 06:36:52.974847+00:00,INFO,ANPR_DETECTION,GJ11AB3566,6,CAM-GJ-AHM-006,S.G. Highway CCTV Node #06,Ahmedabad,False,NEW,📷 ANPR Detection: GJ11AB3566,"Detected at S.G. Highway CCTV Node #06 (23.0225, 72.5714). Watchlist Hit: False"
anpr-ingest-2351b484,2026-09-01 06:36:52.823581+00:00,INFO,ANPR_DETECTION,GJ11AB3566,6,CAM-GJ-AHM-006,S.G. Highway CCTV Node #06,Ahmedabad,False,NEW,📷 ANPR Detection: GJ11AB3566,"Detected at S.G. Highway CCTV Node #06 (23.0225, 72.5714). Watchlist Hit: False"
anpr-ingest-a63b45ec,2026-09-01 06:36:52.696988+00:00,INFO,ANPR_DETECTION,GJ1AB3566,6,CAM-GJ-AHM-006,S.G. Highway CCTV Node #06,Ahmedabad,False,NEW,📷 ANPR Detection: GJ1AB3566,"Detected at S.G. Highway CCTV Node #06 (23.0225, 72.5714). Watchlist Hit: False"
anpr-ingest-0d405824,2026-09-01 06:36:52.615113+00:00,INFO,ANPR_DETECTION,GJ1B3566,6,CAM-GJ-AHM-006,S.G. Highway CCTV Node #06,Ahmedabad,False,NEW,📷 ANPR Detection: GJ1B3566,"Detected at S.G. Highway CCTV Node #06 (23.0225, 72.5714). Watchlist Hit: False"
anpr-ingest-957ac2b5,2026-09-01 06:36:52.362151+00:00,INFO,ANPR_DETECTION,GJ11CH2,6,CAM-GJ-AHM-006,S.G. Highway CCTV Node #06,Ahmedabad,False,NEW,📷 ANPR Detection: GJ11CH2,"Detected at S.G. Highway CCTV Node #06 (23.0225, 72.5714). Watchlist Hit: False"
anpr-ingest-9890c1ae,2026-09-01 06:36:51.838708+00:00,INFO,ANPR_DETECTION,GJ11CH2,6,CAM-GJ-AHM-006,S.G. Highway CCTV Node #06,Ahmedabad,False,NEW,📷 ANPR Detection: GJ11CH2,"Detected at S.G. Highway CCTV Node #06 (23.0225, 72.5714). Watchlist Hit: False"
anpr-ingest-31dbd754,2026-09-01 06:36:49.426412+00:00,INFO,ANPR_DETECTION,GJ11CH2,6,CAM-GJ-AHM-006,S.G. Highway CCTV Node #06,Ahmedabad,False,NEW,📷 ANPR Detection: GJ11CH2,"Detected at S.G. Highway CCTV Node #06 (23.0225, 72.5714). Watchlist Hit: False"
anpr-ingest-4a2a6c94,2026-09-01 06:36:49.423679+00:00,INFO,ANPR_DETECTION,GJ11CH2,6,CAM-GJ-AHM-006,S.G. Highway CCTV Node #06,Ahmedabad,False,NEW,📷 ANPR Detection: GJ11CH2,"Detected at S.G. Highway CCTV Node #06 (23.0225, 72.5714). Watchlist Hit: False"
anpr-ingest-71545d83,2026-09-01 06:36:49.206523+00:00,INFO,ANPR_DETECTION,GJ11CH2,6,CAM-GJ-AHM-006,S.G. Highway CCTV Node #06,Ahmedabad,False,NEW,📷 ANPR Detection: GJ11CH2,"Detected at S.G. Highway CCTV Node #06 (23.0225, 72.5714). Watchlist Hit: False"
anpr-ingest-8840a12d,2026-09-01 06:36:47.812990+00:00,INFO,ANPR_DETECTION,GJ11CH2,6,CAM-GJ-AHM-006,S.G. Highway CCTV Node #06,Ahmedabad,False,NEW,📷 ANPR Detection: GJ11CH2,"Detected at S.G. Highway CCTV Node #06 (23.0225, 72.5714). Watchlist Hit: False"
anpr-ingest-244362a1,2026-09-01 06:36:47.331972+00:00,INFO,ANPR_DETECTION,GJ11CH2,6,CAM-GJ-AHM-006,S.G. Highway CCTV Node #06,Ahmedabad,False,NEW,📷 ANPR Detection: GJ11CH2,"Detected at S.G. Highway CCTV Node #06 (23.0225, 72.5714). Watchlist Hit: False"
anpr-ingest-7dbef720,2026-09-01 06:36:47.243185+00:00,INFO,ANPR_DETECTION,GJ11CH2,6,CAM-GJ-AHM-006,S.G. Highway CCTV Node #06,Ahmedabad,False,NEW,📷 ANPR Detection: GJ11CH2,"Detected at S.G. Highway CCTV Node #06 (23.0225, 72.5714). Watchlist Hit: False"
anpr-ingest-fb10053e,2026-09-01 06:36:46.799962+00:00,INFO,ANPR_DETECTION,GJ11CH2,6,CAM-GJ-AHM-006,S.G. Highway CCTV Node #06,Ahmedabad,False,NEW,📷 ANPR Detection: GJ11CH2,"Detected at S.G. Highway CCTV Node #06 (23.0225, 72.5714). Watchlist Hit: False"
anpr-ingest-2f968168,2026-09-01 06:36:46.026831+00:00,INFO,ANPR_DETECTION,GJ11CH2,6,CAM-GJ-AHM-006,S.G. Highway CCTV Node #06,Ahmedabad,False,NEW,📷 ANPR Detection: GJ11CH2,"Detected at S.G. Highway CCTV Node #06 (23.0225, 72.5714). Watchlist Hit: False"
anpr-ingest-1ef908bb,2026-09-01 06:36:45.553961+00:00,INFO,ANPR_DETECTION,GJ11CH2,6,CAM-GJ-AHM-006,S.G. Highway CCTV Node #06,Ahmedabad,False,NEW,📷 ANPR Detection: GJ11CH2,"Detected at S.G. Highway CCTV Node #06 (23.0225, 72.5714). Watchlist Hit: False"
anpr-ingest-8ad2ef36,2026-09-01 06:36:45.478805+00:00,INFO,ANPR_DETECTION,GJ11CH2,6,CAM-GJ-AHM-006,S.G. Highway CCTV Node #06,Ahmedabad,False,NEW,📷 ANPR Detection: GJ11CH2,"Detected at S.G. Highway CCTV Node #06 (23.0225, 72.5714). Watchlist Hit: False"
anpr-ingest-0a837bdd,2026-09-01 06:36:45.389226+00:00,INFO,ANPR_DETECTION,GJ11CH2,6,CAM-GJ-AHM-006,S.G. Highway CCTV Node #06,Ahmedabad,False,NEW,📷 ANPR Detection: GJ11CH2,"Detected at S.G. Highway CCTV Node #06 (23.0225, 72.5714). Watchlist Hit: False"
anpr-ingest-48adf9a1,2026-09-01 06:36:45.388541+00:00,INFO,ANPR_DETECTION,GJ11CH2,6,CAM-GJ-AHM-006,S.G. Highway CCTV Node #06,Ahmedabad,False,NEW,📷 ANPR Detection: GJ11CH2,"Detected at S.G. Highway CCTV Node #06 (23.0225, 72.5714). Watchlist Hit: False"
anpr-ingest-a53796d6,2026-09-01 06:36:45.384327+00:00,INFO,ANPR_DETECTION,GJ11CH2,6,CAM-GJ-AHM-006,S.G. Highway CCTV Node #06,Ahmedabad,False,NEW,📷 ANPR Detection: GJ11CH2,"Detected at S.G. Highway CCTV Node #06 (23.0225, 72.5714). Watchlist Hit: False"
anpr-ingest-64cad2f7,2026-09-01 06:36:45.160162+00:00,INFO,ANPR_DETECTION,GJ11CH2,6,CAM-GJ-AHM-006,S.G. Highway CCTV Node #06,Ahmedabad,False,NEW,📷 ANPR Detection: GJ11CH2,"Detected at S.G. Highway CCTV Node #06 (23.0225, 72.5714). Watchlist Hit: False"
anpr-ingest-b765482c,2026-09-01 06:36:44.996906+00:00,INFO,ANPR_DETECTION,GJ11CH2,6,CAM-GJ-AHM-006,S.G. Highway CCTV Node #06,Ahmedabad,False,NEW,📷 ANPR Detection: GJ11CH2,"Detected at S.G. Highway CCTV Node #06 (23.0225, 72.5714). Watchlist Hit: False"
anpr-ingest-efabb981,2026-09-01 06:36:44.672995+00:00,INFO,ANPR_DETECTION,GJ11CH2,6,CAM-GJ-AHM-006,S.G. Highway CCTV Node #06,Ahmedabad,False,NEW,📷 ANPR Detection: GJ11CH2,"Detected at S.G. Highway CCTV Node #06 (23.0225, 72.5714). Watchlist Hit: False"
anpr-ingest-cc06204e,2026-09-01 06:36:44.605702+00:00,INFO,ANPR_DETECTION,GJ11CH2,6,CAM-GJ-AHM-006,S.G. Highway CCTV Node #06,Ahmedabad,False,NEW,📷 ANPR Detection: GJ11CH2,"Detected at S.G. Highway CCTV Node #06 (23.0225, 72.5714). Watchlist Hit: False"
anpr-ingest-8cece151,2026-09-01 06:36:44.464177+00:00,INFO,ANPR_DETECTION,GJ11CH2,6,CAM-GJ-AHM-006,S.G. Highway CCTV Node #06,Ahmedabad,False,NEW,📷 ANPR Detection: GJ11CH2,"Detected at S.G. Highway CCTV Node #06 (23.0225, 72.5714). Watchlist Hit: False"
anpr-ingest-4d93f7ae,2026-09-01 06:36:44.326298+00:00,INFO,ANPR_DETECTION,GJ11CH2,6,CAM-GJ-AHM-006,S.G. Highway CCTV Node #06,Ahmedabad,False,NEW,📷 ANPR Detection: GJ11CH2,"Detected at S.G. Highway CCTV Node #06 (23.0225, 72.5714). Watchlist Hit: False"
anpr-ingest-50c35f6b,2026-09-01 06:36:44.110159+00:00,INFO,ANPR_DETECTION,GJ11CH2,6,CAM-GJ-AHM-006,S.G. Highway CCTV Node #06,Ahmedabad,False,NEW,📷 ANPR Detection: GJ11CH2,"Detected at S.G. Highway CCTV Node #06 (23.0225, 72.5714). Watchlist Hit: False"
anpr-ingest-1733d11a,2026-09-01 06:36:43.348931+00:00,INFO,ANPR_DETECTION,GJ11CH2,6,CAM-GJ-AHM-006,S.G. Highway CCTV Node #06,Ahmedabad,False,NEW,📷 ANPR Detection: GJ11CH2,"Detected at S.G. Highway CCTV Node #06 (23.0225, 72.5714). Watchlist Hit: False"
anpr-ingest-17852799,2026-09-01 06:36:42.301178+00:00,INFO,ANPR_DETECTION,GJ11CH2,6,CAM-GJ-AHM-006,S.G. Highway CCTV Node #06,Ahmedabad,False,NEW,📷 ANPR Detection: GJ11CH2,"Detected at S.G. Highway CCTV Node #06 (23.0225, 72.5714). Watchlist Hit: False"
anpr-ingest-d0ddf2c2,2026-09-01 06:36:42.161845+00:00,INFO,ANPR_DETECTION,GJ11CH2,6,CAM-GJ-AHM-006,S.G. Highway CCTV Node #06,Ahmedabad,False,NEW,📷 ANPR Detection: GJ11CH2,"Detected at S.G. Highway CCTV Node #06 (23.0225, 72.5714). Watchlist Hit: False"
anpr-ingest-64e1654d,2026-09-01 06:36:42.155320+00:00,INFO,ANPR_DETECTION,GJ11CH2,6,CAM-GJ-AHM-006,S.G. Highway CCTV Node #06,Ahmedabad,False,NEW,📷 ANPR Detection: GJ11CH2,"Detected at S.G. Highway CCTV Node #06 (23.0225, 72.5714). Watchlist Hit: False"
anpr-ingest-036f7a87,2026-09-01 06:36:41.944485+00:00,INFO,ANPR_DETECTION,GJ11CH2,6,CAM-GJ-AHM-006,S.G. Highway CCTV Node #06,Ahmedabad,False,NEW,📷 ANPR Detection: GJ11CH2,"Detected at S.G. Highway CCTV Node #06 (23.0225, 72.5714). Watchlist Hit: False"
anpr-ingest-e2dc8b65,2026-09-01 06:36:41.737371+00:00,INFO,ANPR_DETECTION,GJ11CH2,6,CAM-GJ-AHM-006,S.G. Highway CCTV Node #06,Ahmedabad,False,NEW,📷 ANPR Detection: GJ11CH2,"Detected at S.G. Highway CCTV Node #06 (23.0225, 72.5714). Watchlist Hit: False"
anpr-ingest-54509627,2026-09-01 06:36:41.736766+00:00,INFO,ANPR_DETECTION,GJ11CH2,6,CAM-GJ-AHM-006,S.G. Highway CCTV Node #06,Ahmedabad,False,NEW,📷 ANPR Detection: GJ11CH2,"Detected at S.G. Highway CCTV Node #06 (23.0225, 72.5714). Watchlist Hit: False"
anpr-ingest-fd9ab8ad,2026-09-01 06:36:41.735044+00:00,INFO,ANPR_DETECTION,GJ11CH2,6,CAM-GJ-AHM-006,S.G. Highway CCTV Node #06,Ahmedabad,False,NEW,📷 ANPR Detection: GJ11CH2,"Detected at S.G. Highway CCTV Node #06 (23.0225, 72.5714). Watchlist Hit: False"
anpr-ingest-a1ecf350,2026-09-01 06:36:41.538107+00:00,INFO,ANPR_DETECTION,GJ11CH2,6,CAM-GJ-AHM-006,S.G. Highway CCTV Node #06,Ahmedabad,False,NEW,📷 ANPR Detection: GJ11CH2,"Detected at S.G. Highway CCTV Node #06 (23.0225, 72.5714). Watchlist Hit: False"
anpr-ingest-1cc5f871,2026-09-01 06:36:41.410560+00:00,INFO,ANPR_DETECTION,GJ11CH2,6,CAM-GJ-AHM-006,S.G. Highway CCTV Node #06,Ahmedabad,False,NEW,📷 ANPR Detection: GJ11CH2,"Detected at S.G. Highway CCTV Node #06 (23.0225, 72.5714). Watchlist Hit: False"
anpr-ingest-6670d421,2026-09-01 06:36:41.338014+00:00,INFO,ANPR_DETECTION,GJ11CH2,6,CAM-GJ-AHM-006,S.G. Highway CCTV Node #06,Ahmedabad,False,NEW,📷 ANPR Detection: GJ11CH2,"Detected at S.G. Highway CCTV Node #06 (23.0225, 72.5714). Watchlist Hit: False"
anpr-ingest-c8f94c5e,2026-09-01 06:36:41.248970+00:00,INFO,ANPR_DETECTION,GJ11CH2,6,CAM-GJ-AHM-006,S.G. Highway CCTV Node #06,Ahmedabad,False,NEW,📷 ANPR Detection: GJ11CH2,"Detected at S.G. Highway CCTV Node #06 (23.0225, 72.5714). Watchlist Hit: False"
anpr-ingest-f7e2ef60,2026-09-01 06:36:41.093494+00:00,INFO,ANPR_DETECTION,GJ11CH2,6,CAM-GJ-AHM-006,S.G. Highway CCTV Node #06,Ahmedabad,False,NEW,📷 ANPR Detection: GJ11CH2,"Detected at S.G. Highway CCTV Node #06 (23.0225, 72.5714). Watchlist Hit: False"
anpr-ingest-a7bcf870,2026-09-01 06:36:38.569066+00:00,INFO,ANPR_DETECTION,GJ11CH2,6,CAM-GJ-AHM-006,S.G. Highway CCTV Node #06,Ahmedabad,False,NEW,📷 ANPR Detection: GJ11CH2,"Detected at S.G. Highway CCTV Node #06 (23.0225, 72.5714). Watchlist Hit: False"
anpr-ingest-8795a39e,2026-09-01 06:36:38.250670+00:00,INFO,ANPR_DETECTION,GJ11CH2,6,CAM-GJ-AHM-006,S.G. Highway CCTV Node #06,Ahmedabad,False,NEW,📷 ANPR Detection: GJ11CH2,"Detected at S.G. Highway CCTV Node #06 (23.0225, 72.5714). Watchlist Hit: False"
anpr-ingest-9e94aba7,2026-09-01 06:36:37.498554+00:00,INFO,ANPR_DETECTION,GJ11CH2,6,CAM-GJ-AHM-006,S.G. Highway CCTV Node #06,Ahmedabad,False,NEW,📷 ANPR Detection: GJ11CH2,"Detected at S.G. Highway CCTV Node #06 (23.0225, 72.5714). Watchlist Hit: False"
anpr-ingest-722c586f,2026-09-01 06:36:37.408426+00:00,INFO,ANPR_DETECTION,GJ11CH2,6,CAM-GJ-AHM-006,S.G. Highway CCTV Node #06,Ahmedabad,False,NEW,📷 ANPR Detection: GJ11CH2,"Detected at S.G. Highway CCTV Node #06 (23.0225, 72.5714). Watchlist Hit: False"
anpr-ingest-7677669c,2026-09-01 06:36:37.322854+00:00,INFO,ANPR_DETECTION,GJ11CH2,6,CAM-GJ-AHM-006,S.G. Highway CCTV Node #06,Ahmedabad,False,NEW,📷 ANPR Detection: GJ11CH2,"Detected at S.G. Highway CCTV Node #06 (23.0225, 72.5714). Watchlist Hit: False"
anpr-ingest-e0d018b0,2026-09-01 06:36:37.317575+00:00,INFO,ANPR_DETECTION,GJ11CH2,6,CAM-GJ-AHM-006,S.G. Highway CCTV Node #06,Ahmedabad,False,NEW,📷 ANPR Detection: GJ11CH2,"Detected at S.G. Highway CCTV Node #06 (23.0225, 72.5714). Watchlist Hit: False"
anpr-ingest-0bb1bf79,2026-09-01 06:36:37.317284+00:00,INFO,ANPR_DETECTION,GJ11CH2,6,CAM-GJ-AHM-006,S.G. Highway CCTV Node #06,Ahmedabad,False,NEW,📷 ANPR Detection: GJ11CH2,"Detected at S.G. Highway CCTV Node #06 (23.0225, 72.5714). Watchlist Hit: False"
anpr-ingest-76667650,2026-09-01 06:36:37.115961+00:00,INFO,ANPR_DETECTION,GJ11CH2,6,CAM-GJ-AHM-006,S.G. Highway CCTV Node #06,Ahmedabad,False,NEW,📷 ANPR Detection: GJ11CH2,"Detected at S.G. Highway CCTV Node #06 (23.0225, 72.5714). Watchlist Hit: False"
anpr-ingest-c51f9819,2026-09-01 06:36:37.040550+00:00,INFO,ANPR_DETECTION,GJ11CH2,6,CAM-GJ-AHM-006,S.G. Highway CCTV Node #06,Ahmedabad,False,NEW,📷 ANPR Detection: GJ11CH2,"Detected at S.G. Highway CCTV Node #06 (23.0225, 72.5714). Watchlist Hit: False"
anpr-ingest-d822b235,2026-09-01 06:36:36.926149+00:00,INFO,ANPR_DETECTION,GJ11CH2,6,CAM-GJ-AHM-006,S.G. Highway CCTV Node #06,Ahmedabad,False,NEW,📷 ANPR Detection: GJ11CH2,"Detected at S.G. Highway CCTV Node #06 (23.0225, 72.5714). Watchlist Hit: False"
anpr-ingest-bfdba869,2026-09-01 06:36:36.827034+00:00,INFO,ANPR_DETECTION,GJ11CH2,6,CAM-GJ-AHM-006,S.G. Highway CCTV Node #06,Ahmedabad,False,NEW,📷 ANPR Detection: GJ11CH2,"Detected at S.G. Highway CCTV Node #06 (23.0225, 72.5714). Watchlist Hit: False"
anpr-ingest-e8e9b735,2026-09-01 06:36:36.741375+00:00,INFO,ANPR_DETECTION,GJ11CH2,6,CAM-GJ-AHM-006,S.G. Highway CCTV Node #06,Ahmedabad,False,NEW,📷 ANPR Detection: GJ11CH2,"Detected at S.G. Highway CCTV Node #06 (23.0225, 72.5714). Watchlist Hit: False"
anpr-ingest-4feb61fd,2026-09-01 06:36:36.740636+00:00,INFO,ANPR_DETECTION,GJ11CH2,6,CAM-GJ-AHM-006,S.G. Highway CCTV Node #06,Ahmedabad,False,NEW,📷 ANPR Detection: GJ11CH2,"Detected at S.G. Highway CCTV Node #06 (23.0225, 72.5714). Watchlist Hit: False"
anpr-ingest-008a84c6,2026-09-01 06:36:35.285646+00:00,INFO,ANPR_DETECTION,GJ11CH2,6,CAM-GJ-AHM-006,S.G. Highway CCTV Node #06,Ahmedabad,False,NEW,📷 ANPR Detection: GJ11CH2,"Detected at S.G. Highway CCTV Node #06 (23.0225, 72.5714). Watchlist Hit: False"
anpr-ingest-a1baa011,2026-09-01 06:36:35.153932+00:00,INFO,ANPR_DETECTION,GJ11CH2,6,CAM-GJ-AHM-006,S.G. Highway CCTV Node #06,Ahmedabad,False,NEW,📷 ANPR Detection: GJ11CH2,"Detected at S.G. Highway CCTV Node #06 (23.0225, 72.5714). Watchlist Hit: False"
anpr-ingest-ca215157,2026-09-01 06:36:35.073775+00:00,INFO,ANPR_DETECTION,GJ11CH2,6,CAM-GJ-AHM-006,S.G. Highway CCTV Node #06,Ahmedabad,False,NEW,📷 ANPR Detection: GJ11CH2,"Detected at S.G. Highway CCTV Node #06 (23.0225, 72.5714). Watchlist Hit: False"
anpr-ingest-eb2d3b9a,2026-09-01 06:36:34.832720+00:00,INFO,ANPR_DETECTION,GJ11CH2,6,CAM-GJ-AHM-006,S.G. Highway CCTV Node #06,Ahmedabad,False,NEW,📷 ANPR Detection: GJ11CH2,"Detected at S.G. Highway CCTV Node #06 (23.0225, 72.5714). Watchlist Hit: False"
anpr-ingest-0fa07f73,2026-09-01 06:36:33.629769+00:00,INFO,ANPR_DETECTION,GJ11CH2,6,CAM-GJ-AHM-006,S.G. Highway CCTV Node #06,Ahmedabad,False,NEW,📷 ANPR Detection: GJ11CH2,"Detected at S.G. Highway CCTV Node #06 (23.0225, 72.5714). Watchlist Hit: False"
anpr-ingest-c1e5d5e2,2026-09-01 06:36:33.513090+00:00,INFO,ANPR_DETECTION,GJ11CH2,6,CAM-GJ-AHM-006,S.G. Highway CCTV Node #06,Ahmedabad,False,NEW,📷 ANPR Detection: GJ11CH2,"Detected at S.G. Highway CCTV Node #06 (23.0225, 72.5714). Watchlist Hit: False"
anpr-ingest-f9304803,2026-09-01 06:36:32.866126+00:00,INFO,ANPR_DETECTION,GJ11CH2,6,CAM-GJ-AHM-006,S.G. Highway CCTV Node #06,Ahmedabad,False,NEW,📷 ANPR Detection: GJ11CH2,"Detected at S.G. Highway CCTV Node #06 (23.0225, 72.5714). Watchlist Hit: False"
anpr-ingest-4ca4ad2c,2026-09-01 06:36:28.282884+00:00,INFO,ANPR_DETECTION,GJ11CH2,6,CAM-GJ-AHM-006,S.G. Highway CCTV Node #06,Ahmedabad,False,NEW,📷 ANPR Detection: GJ11CH2,"Detected at S.G. Highway CCTV Node #06 (23.0225, 72.5714). Watchlist Hit: False"
anpr-ingest-8f84b4ce,2026-09-01 06:36:26.155457+00:00,INFO,ANPR_DETECTION,GJ11CH2,6,CAM-GJ-AHM-006,S.G. Highway CCTV Node #06,Ahmedabad,False,NEW,📷 ANPR Detection: GJ11CH2,"Detected at S.G. Highway CCTV Node #06 (23.0225, 72.5714). Watchlist Hit: False"
anpr-ingest-3ab1fd32,2026-09-01 06:36:25.145541+00:00,INFO,ANPR_DETECTION,GJ11CH2,6,CAM-GJ-AHM-006,S.G. Highway CCTV Node #06,Ahmedabad,False,NEW,📷 ANPR Detection: GJ11CH2,"Detected at S.G. Highway CCTV Node #06 (23.0225, 72.5714). Watchlist Hit: False"
anpr-ingest-2273e14e,2026-09-01 06:36:24.126997+00:00,INFO,ANPR_DETECTION,GJ11CH2,6,CAM-GJ-AHM-006,S.G. Highway CCTV Node #06,Ahmedabad,False,NEW,📷 ANPR Detection: GJ11CH2,"Detected at S.G. Highway CCTV Node #06 (23.0225, 72.5714). Watchlist Hit: False"
anpr-ingest-a00104cd,2026-09-01 06:36:21.237287+00:00,INFO,ANPR_DETECTION,GJ11CH2,6,CAM-GJ-AHM-006,S.G. Highway CCTV Node #06,Ahmedabad,False,NEW,📷 ANPR Detection: GJ11CH2,"Detected at S.G. Highway CCTV Node #06 (23.0225, 72.5714). Watchlist Hit: False"
anpr-ingest-92dbad28,2026-09-01 06:36:12.027420+00:00,INFO,ANPR_DETECTION,GJ11CH2,6,CAM-GJ-AHM-006,S.G. Highway CCTV Node #06,Ahmedabad,False,NEW,📷 ANPR Detection: GJ11CH2,"Detected at S.G. Highway CCTV Node #06 (23.0225, 72.5714). Watchlist Hit: False"
anpr-ingest-6a9e8ae9,2026-09-01 06:36:11.768951+00:00,INFO,ANPR_DETECTION,GJ11CH2,6,CAM-GJ-AHM-006,S.G. Highway CCTV Node #06,Ahmedabad,False,NEW,📷 ANPR Detection: GJ11CH2,"Detected at S.G. Highway CCTV Node #06 (23.0225, 72.5714). Watchlist Hit: False"
anpr-ingest-b73c6a39,2026-09-01 06:36:11.539544+00:00,INFO,ANPR_DETECTION,GJ01AE4277,6,CAM-GJ-AHM-006,S.G. Highway CCTV Node #06,Ahmedabad,False,NEW,📷 ANPR Detection: GJ01AE4277,"Detected at S.G. Highway CCTV Node #06 (23.0225, 72.5714). Watchlist Hit: False"
anpr-ingest-24c4082c,2026-09-01 06:36:11.537550+00:00,INFO,ANPR_DETECTION,GJ01KE4277,6,CAM-GJ-AHM-006,S.G. Highway CCTV Node #06,Ahmedabad,False,NEW,📷 ANPR Detection: GJ01KE4277,"Detected at S.G. Highway CCTV Node #06 (23.0225, 72.5714). Watchlist Hit: False"
anpr-ingest-ecff0c13,2026-09-01 06:36:11.307041+00:00,INFO,ANPR_DETECTION,GJ01KE4277,6,CAM-GJ-AHM-006,S.G. Highway CCTV Node #06,Ahmedabad,False,NEW,📷 ANPR Detection: GJ01KE4277,"Detected at S.G. Highway CCTV Node #06 (23.0225, 72.5714). Watchlist Hit: False"
anpr-ingest-d3d486c9,2026-09-01 06:36:11.230643+00:00,INFO,ANPR_DETECTION,GJ014E6277,6,CAM-GJ-AHM-006,S.G. Highway CCTV Node #06,Ahmedabad,False,NEW,📷 ANPR Detection: GJ014E6277,"Detected at S.G. Highway CCTV Node #06 (23.0225, 72.5714). Watchlist Hit: False"
anpr-ingest-4613c1f3,2026-09-01 06:36:11.083154+00:00,INFO,ANPR_DETECTION,GJ11CH2,6,CAM-GJ-AHM-006,S.G. Highway CCTV Node #06,Ahmedabad,False,NEW,📷 ANPR Detection: GJ11CH2,"Detected at S.G. Highway CCTV Node #06 (23.0225, 72.5714). Watchlist Hit: False"
anpr-ingest-4d1aa3ba,2026-09-01 06:36:11.018570+00:00,INFO,ANPR_DETECTION,GJ01E4277,6,CAM-GJ-AHM-006,S.G. Highway CCTV Node #06,Ahmedabad,False,NEW,📷 ANPR Detection: GJ01E4277,"Detected at S.G. Highway CCTV Node #06 (23.0225, 72.5714). Watchlist Hit: False"
anpr-ingest-6d2498ba,2026-09-01 06:36:10.939682+00:00,INFO,ANPR_DETECTION,GJ01XE4277,6,CAM-GJ-AHM-006,S.G. Highway CCTV Node #06,Ahmedabad,False,NEW,📷 ANPR Detection: GJ01XE4277,"Detected at S.G. Highway CCTV Node #06 (23.0225, 72.5714). Watchlist Hit: False"
anpr-ingest-b919fc45,2026-09-01 06:36:10.784443+00:00,INFO,ANPR_DETECTION,GJ01XE4277,6,CAM-GJ-AHM-006,S.G. Highway CCTV Node #06,Ahmedabad,False,NEW,📷 ANPR Detection: GJ01XE4277,"Detected at S.G. Highway CCTV Node #06 (23.0225, 72.5714). Watchlist Hit: False"
anpr-ingest-8254fd43,2026-09-01 06:36:10.676202+00:00,INFO,ANPR_DETECTION,GJ03MB8078,6,CAM-GJ-AHM-006,S.G. Highway CCTV Node #06,Ahmedabad,False,NEW,📷 ANPR Detection: GJ03MB8078,"Detected at S.G. Highway CCTV Node #06 (23.0225, 72.5714). Watchlist Hit: False"
anpr-ingest-0c5b228f,2026-09-01 06:36:10.609978+00:00,INFO,ANPR_DETECTION,GJ03MB8078,6,CAM-GJ-AHM-006,S.G. Highway CCTV Node #06,Ahmedabad,False,NEW,📷 ANPR Detection: GJ03MB8078,"Detected at S.G. Highway CCTV Node #06 (23.0225, 72.5714). Watchlist Hit: False"
anpr-ingest-3a26e545,2026-09-01 06:36:10.488764+00:00,INFO,ANPR_DETECTION,GJ03MB8078,6,CAM-GJ-AHM-006,S.G. Highway CCTV Node #06,Ahmedabad,False,NEW,📷 ANPR Detection: GJ03MB8078,"Detected at S.G. Highway CCTV Node #06 (23.0225, 72.5714). Watchlist Hit: False"
anpr-ingest-fd39f77b,2026-09-01 06:36:10.387974+00:00,INFO,ANPR_DETECTION,GJ03MB8078,6,CAM-GJ-AHM-006,S.G. Highway CCTV Node #06,Ahmedabad,False,NEW,📷 ANPR Detection: GJ03MB8078,"Detected at S.G. Highway CCTV Node #06 (23.0225, 72.5714). Watchlist Hit: False"
anpr-ingest-a613bffe,2026-09-01 06:36:09.956080+00:00,INFO,ANPR_DETECTION,GJ03MB8078,6,CAM-GJ-AHM-006,S.G. Highway CCTV Node #06,Ahmedabad,False,NEW,📷 ANPR Detection: GJ03MB8078,"Detected at S.G. Highway CCTV Node #06 (23.0225, 72.5714). Watchlist Hit: False"
anpr-ingest-dbed2da2,2026-09-01 06:36:09.835065+00:00,INFO,ANPR_DETECTION,GJ03MB8078,6,CAM-GJ-AHM-006,S.G. Highway CCTV Node #06,Ahmedabad,False,NEW,📷 ANPR Detection: GJ03MB8078,"Detected at S.G. Highway CCTV Node #06 (23.0225, 72.5714). Watchlist Hit: False"
anpr-ingest-f14193b6,2026-09-01 06:36:09.669899+00:00,INFO,ANPR_DETECTION,GJ03MB8078,6,CAM-GJ-AHM-006,S.G. Highway CCTV Node #06,Ahmedabad,False,NEW,📷 ANPR Detection: GJ03MB8078,"Detected at S.G. Highway CCTV Node #06 (23.0225, 72.5714). Watchlist Hit: False"
anpr-ingest-0ed230cc,2026-09-01 06:36:09.250633+00:00,INFO,ANPR_DETECTION,GJ03MBB078,6,CAM-GJ-AHM-006,S.G. Highway CCTV Node #06,Ahmedabad,False,NEW,📷 ANPR Detection: GJ03MBB078,"Detected at S.G. Highway CCTV Node #06 (23.0225, 72.5714). Watchlist Hit: False"
anpr-ingest-5841d4f2,2026-09-01 06:36:07.836001+00:00,INFO,ANPR_DETECTION,GJ11CH2,6,CAM-GJ-AHM-006,S.G. Highway CCTV Node #06,Ahmedabad,False,NEW,📷 ANPR Detection: GJ11CH2,"Detected at S.G. Highway CCTV Node #06 (23.0225, 72.5714). Watchlist Hit: False"
anpr-ingest-9291d3fa,2026-09-01 06:36:07.539297+00:00,INFO,ANPR_DETECTION,GJ11CH2,6,CAM-GJ-AHM-006,S.G. Highway CCTV Node #06,Ahmedabad,False,NEW,📷 ANPR Detection: GJ11CH2,"Detected at S.G. Highway CCTV Node #06 (23.0225, 72.5714). Watchlist Hit: False"
anpr-ingest-04e3eb9e,2026-09-01 06:36:07.249959+00:00,INFO,ANPR_DETECTION,GJ11CH2,6,CAM-GJ-AHM-006,S.G. Highway CCTV Node #06,Ahmedabad,False,NEW,📷 ANPR Detection: GJ11CH2,"Detected at S.G. Highway CCTV Node #06 (23.0225, 72.5714). Watchlist Hit: False"
anpr-ingest-572b4670,2026-09-01 06:36:06.883646+00:00,INFO,ANPR_DETECTION,GJ11CH2,6,CAM-GJ-AHM-006,S.G. Highway CCTV Node #06,Ahmedabad,False,NEW,📷 ANPR Detection: GJ11CH2,"Detected at S.G. Highway CCTV Node #06 (23.0225, 72.5714). Watchlist Hit: False"
anpr-ingest-1ee90093,2026-09-01 06:36:06.770859+00:00,INFO,ANPR_DETECTION,GJ32AA6396,6,CAM-GJ-AHM-006,S.G. Highway CCTV Node #06,Ahmedabad,False,NEW,📷 ANPR Detection: GJ32AA6396,"Detected at S.G. Highway CCTV Node #06 (23.0225, 72.5714). Watchlist Hit: False"
anpr-ingest-2998a2ca,2026-09-01 06:36:06.694690+00:00,INFO,ANPR_DETECTION,GJ32AA639,6,CAM-GJ-AHM-006,S.G. Highway CCTV Node #06,Ahmedabad,False,NEW,📷 ANPR Detection: GJ32AA639,"Detected at S.G. Highway CCTV Node #06 (23.0225, 72.5714). Watchlist Hit: False"
anpr-ingest-befef737,2026-09-01 06:36:06.610688+00:00,INFO,ANPR_DETECTION,GJ32A6396,6,CAM-GJ-AHM-006,S.G. Highway CCTV Node #06,Ahmedabad,False,NEW,📷 ANPR Detection: GJ32A6396,"Detected at S.G. Highway CCTV Node #06 (23.0225, 72.5714). Watchlist Hit: False"
anpr-ingest-b66b7f1e,2026-09-01 06:36:06.609245+00:00,INFO,ANPR_DETECTION,GJ32AA6396,6,CAM-GJ-AHM-006,S.G. Highway CCTV Node #06,Ahmedabad,False,NEW,📷 ANPR Detection: GJ32AA6396,"Detected at S.G. Highway CCTV Node #06 (23.0225, 72.5714). Watchlist Hit: False"
anpr-ingest-566b8288,2026-09-01 06:36:06.478854+00:00,INFO,ANPR_DETECTION,GJ32A6396,6,CAM-GJ-AHM-006,S.G. Highway CCTV Node #06,Ahmedabad,False,NEW,📷 ANPR Detection: GJ32A6396,"Detected at S.G. Highway CCTV Node #06 (23.0225, 72.5714). Watchlist Hit: False"
anpr-ingest-f1c636de,2026-09-01 06:36:06.478214+00:00,INFO,ANPR_DETECTION,GJ32A6396,6,CAM-GJ-AHM-006,S.G. Highway CCTV Node #06,Ahmedabad,False,NEW,📷 ANPR Detection: GJ32A6396,"Detected at S.G. Highway CCTV Node #06 (23.0225, 72.5714). Watchlist Hit: False"
anpr-ingest-c317eb46,2026-09-01 06:36:06.328784+00:00,INFO,ANPR_DETECTION,GJ06PH9809,6,CAM-GJ-AHM-006,S.G. Highway CCTV Node #06,Ahmedabad,False,NEW,📷 ANPR Detection: GJ06PH9809,"Detected at S.G. Highway CCTV Node #06 (23.0225, 72.5714). Watchlist Hit: False"
anpr-ingest-61876e99,2026-09-01 06:36:06.326581+00:00,INFO,ANPR_DETECTION,GJ06PH9809,6,CAM-GJ-AHM-006,S.G. Highway CCTV Node #06,Ahmedabad,False,NEW,📷 ANPR Detection: GJ06PH9809,"Detected at S.G. Highway CCTV Node #06 (23.0225, 72.5714). Watchlist Hit: False"
anpr-ingest-45b510bf,2026-09-01 06:36:06.326492+00:00,INFO,ANPR_DETECTION,GJ06PH9809,6,CAM-GJ-AHM-006,S.G. Highway CCTV Node #06,Ahmedabad,False,NEW,📷 ANPR Detection: GJ06PH9809,"Detected at S.G. Highway CCTV Node #06 (23.0225, 72.5714). Watchlist Hit: False"
anpr-ingest-dc3e1d28,2026-09-01 06:36:06.326086+00:00,INFO,ANPR_DETECTION,GJ06PH9809,6,CAM-GJ-AHM-006,S.G. Highway CCTV Node #06,Ahmedabad,False,NEW,📷 ANPR Detection: GJ06PH9809,"Detected at S.G. Highway CCTV Node #06 (23.0225, 72.5714). Watchlist Hit: False"
anpr-ingest-fe4cf2fb,2026-09-01 06:36:06.324969+00:00,INFO,ANPR_DETECTION,GJ06PH9809,6,CAM-GJ-AHM-006,S.G. Highway CCTV Node #06,Ahmedabad,False,NEW,📷 ANPR Detection: GJ06PH9809,"Detected at S.G. Highway CCTV Node #06 (23.0225, 72.5714). Watchlist Hit: False"
anpr-ingest-44487b6f,2026-09-01 06:36:06.324967+00:00,INFO,ANPR_DETECTION,GJ06PH9809,6,CAM-GJ-AHM-006,S.G. Highway CCTV Node #06,Ahmedabad,False,NEW,📷 ANPR Detection: GJ06PH9809,"Detected at S.G. Highway CCTV Node #06 (23.0225, 72.5714). Watchlist Hit: False"
anpr-ingest-7204050e,2026-09-01 06:36:06.261990+00:00,INFO,ANPR_DETECTION,GJ06PH9809,6,CAM-GJ-AHM-006,S.G. Highway CCTV Node #06,Ahmedabad,False,NEW,📷 ANPR Detection: GJ06PH9809,"Detected at S.G. Highway CCTV Node #06 (23.0225, 72.5714). Watchlist Hit: False"
anpr-ingest-5060d918,2026-09-01 06:36:06.200764+00:00,INFO,ANPR_DETECTION,GJ06PH9809,6,CAM-GJ-AHM-006,S.G. Highway CCTV Node #06,Ahmedabad,False,NEW,📷 ANPR Detection: GJ06PH9809,"Detected at S.G. Highway CCTV Node #06 (23.0225, 72.5714). Watchlist Hit: False"
anpr-ingest-ba7d9892,2026-09-01 06:36:05.908910+00:00,INFO,ANPR_DETECTION,GJ03HA7331,6,CAM-GJ-AHM-006,S.G. Highway CCTV Node #06,Ahmedabad,False,NEW,📷 ANPR Detection: GJ03HA7331,"Detected at S.G. Highway CCTV Node #06 (23.0225, 72.5714). Watchlist Hit: False"
anpr-ingest-12b603f0,2026-09-01 06:36:05.843861+00:00,INFO,ANPR_DETECTION,GJ11CM2,6,CAM-GJ-AHM-006,S.G. Highway CCTV Node #06,Ahmedabad,False,NEW,📷 ANPR Detection: GJ11CM2,"Detected at S.G. Highway CCTV Node #06 (23.0225, 72.5714). Watchlist Hit: False"
anpr-ingest-52e08a2d,2026-09-01 06:36:05.694947+00:00,INFO,ANPR_DETECTION,GJ03HA7331,6,CAM-GJ-AHM-006,S.G. Highway CCTV Node #06,Ahmedabad,False,NEW,📷 ANPR Detection: GJ03HA7331,"Detected at S.G. Highway CCTV Node #06 (23.0225, 72.5714). Watchlist Hit: False"
anpr-ingest-3877febd,2026-09-01 06:36:05.688252+00:00,INFO,ANPR_DETECTION,GJ03HA7331,6,CAM-GJ-AHM-006,S.G. Highway CCTV Node #06,Ahmedabad,False,NEW,📷 ANPR Detection: GJ03HA7331,"Detected at S.G. Highway CCTV Node #06 (23.0225, 72.5714). Watchlist Hit: False"
anpr-ingest-5c0a8561,2026-09-01 06:36:05.687634+00:00,INFO,ANPR_DETECTION,GJ06PH9809,6,CAM-GJ-AHM-006,S.G. Highway CCTV Node #06,Ahmedabad,False,NEW,📷 ANPR Detection: GJ06PH9809,"Detected at S.G. Highway CCTV Node #06 (23.0225, 72.5714). Watchlist Hit: False"
anpr-ingest-5a30403d,2026-09-01 06:36:05.687005+00:00,INFO,ANPR_DETECTION,GJ06PH9809,6,CAM-GJ-AHM-006,S.G. Highway CCTV Node #06,Ahmedabad,False,NEW,📷 ANPR Detection: GJ06PH9809,"Detected at S.G. Highway CCTV Node #06 (23.0225, 72.5714). Watchlist Hit: False"
anpr-ingest-7a220d58,2026-09-01 06:36:05.686244+00:00,INFO,ANPR_DETECTION,GJ03HA7331,6,CAM-GJ-AHM-006,S.G. Highway CCTV Node #06,Ahmedabad,False,NEW,📷 ANPR Detection: GJ03HA7331,"Detected at S.G. Highway CCTV Node #06 (23.0225, 72.5714). Watchlist Hit: False"
anpr-ingest-1ed7d354,2026-09-01 06:36:05.624261+00:00,INFO,ANPR_DETECTION,GJ03HA7331,6,CAM-GJ-AHM-006,S.G. Highway CCTV Node #06,Ahmedabad,False,NEW,📷 ANPR Detection: GJ03HA7331,"Detected at S.G. Highway CCTV Node #06 (23.0225, 72.5714). Watchlist Hit: False"
anpr-ingest-df6a6357,2026-09-01 06:36:05.623423+00:00,INFO,ANPR_DETECTION,GJ06H9809,6,CAM-GJ-AHM-006,S.G. Highway CCTV Node #06,Ahmedabad,False,NEW,📷 ANPR Detection: GJ06H9809,"Detected at S.G. Highway CCTV Node #06 (23.0225, 72.5714). Watchlist Hit: False"
anpr-ingest-1345c5af,2026-09-01 06:36:05.497333+00:00,INFO,ANPR_DETECTION,GJ11CH2,6,CAM-GJ-AHM-006,S.G. Highway CCTV Node #06,Ahmedabad,False,NEW,📷 ANPR Detection: GJ11CH2,"Detected at S.G. Highway CCTV Node #06 (23.0225, 72.5714). Watchlist Hit: False"
anpr-ingest-64b0a75d,2026-09-01 06:36:05.184784+00:00,INFO,ANPR_DETECTION,GJ05PH9309,6,CAM-GJ-AHM-006,S.G. Highway CCTV Node #06,Ahmedabad,False,NEW,📷 ANPR Detection: GJ05PH9309,"Detected at S.G. Highway CCTV Node #06 (23.0225, 72.5714). Watchlist Hit: False"
anpr-ingest-ad006adb,2026-09-01 06:36:05.076061+00:00,INFO,ANPR_DETECTION,GJ03HA7331,6,CAM-GJ-AHM-006,S.G. Highway CCTV Node #06,Ahmedabad,False,NEW,📷 ANPR Detection: GJ03HA7331,"Detected at S.G. Highway CCTV Node #06 (23.0225, 72.5714). Watchlist Hit: False"
anpr-ingest-83e75e57,2026-09-01 06:36:05.004550+00:00,INFO,ANPR_DETECTION,GJ03HA7331,6,CAM-GJ-AHM-006,S.G. Highway CCTV Node #06,Ahmedabad,False,NEW,📷 ANPR Detection: GJ03HA7331,"Detected at S.G. Highway CCTV Node #06 (23.0225, 72.5714). Watchlist Hit: False"
anpr-ingest-f48a6417,2026-09-01 06:36:04.999275+00:00,INFO,ANPR_DETECTION,GJ03HA7331,6,CAM-GJ-AHM-006,S.G. Highway CCTV Node #06,Ahmedabad,False,NEW,📷 ANPR Detection: GJ03HA7331,"Detected at S.G. Highway CCTV Node #06 (23.0225, 72.5714). Watchlist Hit: False"
anpr-ingest-a32c3f69,2026-09-01 06:36:04.808557+00:00,INFO,ANPR_DETECTION,GJ03HA7331,6,CAM-GJ-AHM-006,S.G. Highway CCTV Node #06,Ahmedabad,False,NEW,📷 ANPR Detection: GJ03HA7331,"Detected at S.G. Highway CCTV Node #06 (23.0225, 72.5714). Watchlist Hit: False"
anpr-ingest-8e504aa9,2026-09-01 06:36:04.682128+00:00,INFO,ANPR_DETECTION,GJ03A7331,6,CAM-GJ-AHM-006,S.G. Highway CCTV Node #06,Ahmedabad,False,NEW,📷 ANPR Detection: GJ03A7331,"Detected at S.G. Highway CCTV Node #06 (23.0225, 72.5714). Watchlist Hit: False"
anpr-ingest-62eed6a4,2026-09-01 06:36:04.682039+00:00,INFO,ANPR_DETECTION,GJ03HA731,6,CAM-GJ-AHM-006,S.G. Highway CCTV Node #06,Ahmedabad,False,NEW,📷 ANPR Detection: GJ03HA731,"Detected at S.G. Highway CCTV Node #06 (23.0225, 72.5714). Watchlist Hit: False"
anpr-ingest-216d43ba,2026-09-01 06:36:04.680930+00:00,INFO,ANPR_DETECTION,GJ03HA7331,6,CAM-GJ-AHM-006,S.G. Highway CCTV Node #06,Ahmedabad,False,NEW,📷 ANPR Detection: GJ03HA7331,"Detected at S.G. Highway CCTV Node #06 (23.0225, 72.5714). Watchlist Hit: False"
anpr-ingest-928683f0,2026-09-01 06:36:04.680839+00:00,INFO,ANPR_DETECTION,GJ03HA7331,6,CAM-GJ-AHM-006,S.G. Highway CCTV Node #06,Ahmedabad,False,NEW,📷 ANPR Detection: GJ03HA7331,"Detected at S.G. Highway CCTV Node #06 (23.0225, 72.5714). Watchlist Hit: False"
anpr-ingest-5634c68b,2026-09-01 06:36:04.680344+00:00,INFO,ANPR_DETECTION,GJ03HA7331,6,CAM-GJ-AHM-006,S.G. Highway CCTV Node #06,Ahmedabad,False,NEW,📷 ANPR Detection: GJ03HA7331,"Detected at S.G. Highway CCTV Node #06 (23.0225, 72.5714). Watchlist Hit: False"
anpr-ingest-d97966a8,2026-09-01 06:36:04.680248+00:00,INFO,ANPR_DETECTION,GJ03HA7331,6,CAM-GJ-AHM-006,S.G. Highway CCTV Node #06,Ahmedabad,False,NEW,📷 ANPR Detection: GJ03HA7331,"Detected at S.G. Highway CCTV Node #06 (23.0225, 72.5714). Watchlist Hit: False"
anpr-ingest-01a1225d,2026-09-01 06:36:04.679788+00:00,INFO,ANPR_DETECTION,GJ03HA7331,6,CAM-GJ-AHM-006,S.G. Highway CCTV Node #06,Ahmedabad,False,NEW,📷 ANPR Detection: GJ03HA7331,"Detected at S.G. Highway CCTV Node #06 (23.0225, 72.5714). Watchlist Hit: False"
anpr-ingest-c2757def,2026-09-01 06:36:04.678449+00:00,INFO,ANPR_DETECTION,GJ03HA7331,6,CAM-GJ-AHM-006,S.G. Highway CCTV Node #06,Ahmedabad,False,NEW,📷 ANPR Detection: GJ03HA7331,"Detected at S.G. Highway CCTV Node #06 (23.0225, 72.5714). Watchlist Hit: False"
anpr-ingest-1ce4a9eb,2026-09-01 06:36:04.677147+00:00,INFO,ANPR_DETECTION,GJ03HA7331,6,CAM-GJ-AHM-006,S.G. Highway CCTV Node #06,Ahmedabad,False,NEW,📷 ANPR Detection: GJ03HA7331,"Detected at S.G. Highway CCTV Node #06 (23.0225, 72.5714). Watchlist Hit: False"
anpr-ingest-cbb8b03d,2026-09-01 06:36:04.676586+00:00,INFO,ANPR_DETECTION,GJ03HA7331,6,CAM-GJ-AHM-006,S.G. Highway CCTV Node #06,Ahmedabad,False,NEW,📷 ANPR Detection: GJ03HA7331,"Detected at S.G. Highway CCTV Node #06 (23.0225, 72.5714). Watchlist Hit: False"
anpr-ingest-52506c67,2026-09-01 06:36:04.676547+00:00,INFO,ANPR_DETECTION,GJ03HA7331,6,CAM-GJ-AHM-006,S.G. Highway CCTV Node #06,Ahmedabad,False,NEW,📷 ANPR Detection: GJ03HA7331,"Detected at S.G. Highway CCTV Node #06 (23.0225, 72.5714). Watchlist Hit: False"
anpr-ingest-b55ee147,2026-09-01 06:36:04.676547+00:00,INFO,ANPR_DETECTION,GJ03HA7331,6,CAM-GJ-AHM-006,S.G. Highway CCTV Node #06,Ahmedabad,False,NEW,📷 ANPR Detection: GJ03HA7331,"Detected at S.G. Highway CCTV Node #06 (23.0225, 72.5714). Watchlist Hit: False"
anpr-ingest-a3a36db3,2026-09-01 06:36:04.670056+00:00,INFO,ANPR_DETECTION,GJ03HA7331,6,CAM-GJ-AHM-006,S.G. Highway CCTV Node #06,Ahmedabad,False,NEW,📷 ANPR Detection: GJ03HA7331,"Detected at S.G. Highway CCTV Node #06 (23.0225, 72.5714). Watchlist Hit: False"
anpr-ingest-c6a44edf,2026-09-01 06:36:04.669265+00:00,INFO,ANPR_DETECTION,GJ03HA7331,6,CAM-GJ-AHM-006,S.G. Highway CCTV Node #06,Ahmedabad,False,NEW,📷 ANPR Detection: GJ03HA7331,"Detected at S.G. Highway CCTV Node #06 (23.0225, 72.5714). Watchlist Hit: False"
anpr-ingest-c2af282e,2026-09-01 06:36:04.615158+00:00,INFO,ANPR_DETECTION,GJ03HA7331,6,CAM-GJ-AHM-006,S.G. Highway CCTV Node #06,Ahmedabad,False,NEW,📷 ANPR Detection: GJ03HA7331,"Detected at S.G. Highway CCTV Node #06 (23.0225, 72.5714). Watchlist Hit: False"
anpr-ingest-61e17feb,2026-09-01 06:36:04.611204+00:00,INFO,ANPR_DETECTION,GJ03HA731,6,CAM-GJ-AHM-006,S.G. Highway CCTV Node #06,Ahmedabad,False,NEW,📷 ANPR Detection: GJ03HA731,"Detected at S.G. Highway CCTV Node #06 (23.0225, 72.5714). Watchlist Hit: False"
anpr-ingest-e7819cfe,2026-09-01 06:36:04.610583+00:00,INFO,ANPR_DETECTION,GJ03HA7331,6,CAM-GJ-AHM-006,S.G. Highway CCTV Node #06,Ahmedabad,False,NEW,📷 ANPR Detection: GJ03HA7331,"Detected at S.G. Highway CCTV Node #06 (23.0225, 72.5714). Watchlist Hit: False"
anpr-ingest-84e64a1f,2026-09-01 06:36:04.610227+00:00,INFO,ANPR_DETECTION,GJ03HA7331,6,CAM-GJ-AHM-006,S.G. Highway CCTV Node #06,Ahmedabad,False,NEW,📷 ANPR Detection: GJ03HA7331,"Detected at S.G. Highway CCTV Node #06 (23.0225, 72.5714). Watchlist Hit: False"
anpr-ingest-9d6be6d2,2026-09-01 06:36:04.609870+00:00,INFO,ANPR_DETECTION,GJ03HA7331,6,CAM-GJ-AHM-006,S.G. Highway CCTV Node #06,Ahmedabad,False,NEW,📷 ANPR Detection: GJ03HA7331,"Detected at S.G. Highway CCTV Node #06 (23.0225, 72.5714). Watchlist Hit: False"
anpr-ingest-72182e66,2026-09-01 06:36:03.806009+00:00,INFO,ANPR_DETECTION,GJ03HA7331,6,CAM-GJ-AHM-006,S.G. Highway CCTV Node #06,Ahmedabad,False,NEW,📷 ANPR Detection: GJ03HA7331,"Detected at S.G. Highway CCTV Node #06 (23.0225, 72.5714). Watchlist Hit: False"
anpr-ingest-db88725d,2026-09-01 06:36:03.805911+00:00,INFO,ANPR_DETECTION,GJ03HA7331,6,CAM-GJ-AHM-006,S.G. Highway CCTV Node #06,Ahmedabad,False,NEW,📷 ANPR Detection: GJ03HA7331,"Detected at S.G. Highway CCTV Node #06 (23.0225, 72.5714). Watchlist Hit: False"
anpr-ingest-1e5f2e5f,2026-09-01 06:36:03.381771+00:00,INFO,ANPR_DETECTION,GJ03HA7331,6,CAM-GJ-AHM-006,S.G. Highway CCTV Node #06,Ahmedabad,False,NEW,📷 ANPR Detection: GJ03HA7331,"Detected at S.G. Highway CCTV Node #06 (23.0225, 72.5714). Watchlist Hit: False"
anpr-ingest-0a469e2e,2026-09-01 06:36:03.315557+00:00,INFO,ANPR_DETECTION,GJ03HA7331,6,CAM-GJ-AHM-006,S.G. Highway CCTV Node #06,Ahmedabad,False,NEW,📷 ANPR Detection: GJ03HA7331,"Detected at S.G. Highway CCTV Node #06 (23.0225, 72.5714). Watchlist Hit: False"
anpr-ingest-a2e4d492,2026-09-01 06:36:03.204564+00:00,INFO,ANPR_DETECTION,GJ03HA733,6,CAM-GJ-AHM-006,S.G. Highway CCTV Node #06,Ahmedabad,False,NEW,📷 ANPR Detection: GJ03HA733,"Detected at S.G. Highway CCTV Node #06 (23.0225, 72.5714). Watchlist Hit: False"
anpr-ingest-6b3e4d3f,2026-09-01 06:36:02.625594+00:00,INFO,ANPR_DETECTION,GJ03HA731,6,CAM-GJ-AHM-006,S.G. Highway CCTV Node #06,Ahmedabad,False,NEW,📷 ANPR Detection: GJ03HA731,"Detected at S.G. Highway CCTV Node #06 (23.0225, 72.5714). Watchlist Hit: False"
anpr-ingest-236885ac,2026-09-01 06:36:02.617524+00:00,INFO,ANPR_DETECTION,GJ03HA7331,6,CAM-GJ-AHM-006,S.G. Highway CCTV Node #06,Ahmedabad,False,NEW,📷 ANPR Detection: GJ03HA7331,"Detected at S.G. Highway CCTV Node #06 (23.0225, 72.5714). Watchlist Hit: False"
anpr-ingest-be3b53f2,2026-09-01 06:36:02.357444+00:00,INFO,ANPR_DETECTION,GJ03HA7331,6,CAM-GJ-AHM-006,S.G. Highway CCTV Node #06,Ahmedabad,False,NEW,📷 ANPR Detection: GJ03HA7331,"Detected at S.G. Highway CCTV Node #06 (23.0225, 72.5714). Watchlist Hit: False"
anpr-ingest-4435a16c,2026-09-01 06:36:02.035697+00:00,INFO,ANPR_DETECTION,GJ03HA7331,6,CAM-GJ-AHM-006,S.G. Highway CCTV Node #06,Ahmedabad,False,NEW,📷 ANPR Detection: GJ03HA7331,"Detected at S.G. Highway CCTV Node #06 (23.0225, 72.5714). Watchlist Hit: False"
anpr-ingest-091cf63d,2026-09-01 06:36:01.745461+00:00,INFO,ANPR_DETECTION,GJ03H7331,6,CAM-GJ-AHM-006,S.G. Highway CCTV Node #06,Ahmedabad,False,NEW,📷 ANPR Detection: GJ03H7331,"Detected at S.G. Highway CCTV Node #06 (23.0225, 72.5714). Watchlist Hit: False"
anpr-ingest-e17e093d,2026-09-01 06:36:00.290055+00:00,INFO,ANPR_DETECTION,GJ11CH2,6,CAM-GJ-AHM-006,S.G. Highway CCTV Node #06,Ahmedabad,False,NEW,📷 ANPR Detection: GJ11CH2,"Detected at S.G. Highway CCTV Node #06 (23.0225, 72.5714). Watchlist Hit: False"
anpr-ingest-956cf08d,2026-09-01 06:35:59.973904+00:00,INFO,ANPR_DETECTION,GJ11CH2,6,CAM-GJ-AHM-006,S.G. Highway CCTV Node #06,Ahmedabad,False,NEW,📷 ANPR Detection: GJ11CH2,"Detected at S.G. Highway CCTV Node #06 (23.0225, 72.5714). Watchlist Hit: False"
anpr-ingest-5650d5dc,2026-09-01 06:35:58.368967+00:00,INFO,ANPR_DETECTION,GJ11CH2,6,CAM-GJ-AHM-006,S.G. Highway CCTV Node #06,Ahmedabad,False,NEW,📷 ANPR Detection: GJ11CH2,"Detected at S.G. Highway CCTV Node #06 (23.0225, 72.5714). Watchlist Hit: False"
anpr-ingest-49ddb9c5,2026-09-01 06:35:58.271965+00:00,INFO,ANPR_DETECTION,GJ11CM2,6,CAM-GJ-AHM-006,S.G. Highway CCTV Node #06,Ahmedabad,False,NEW,📷 ANPR Detection: GJ11CM2,"Detected at S.G. Highway CCTV Node #06 (23.0225, 72.5714). Watchlist Hit: False"
anpr-ingest-e95c2892,2026-09-01 06:35:58.147288+00:00,INFO,ANPR_DETECTION,GJ11CH2,6,CAM-GJ-AHM-006,S.G. Highway CCTV Node #06,Ahmedabad,False,NEW,📷 ANPR Detection: GJ11CH2,"Detected at S.G. Highway CCTV Node #06 (23.0225, 72.5714). Watchlist Hit: False"
anpr-ingest-87bb10da,2026-09-01 06:35:57.449818+00:00,INFO,ANPR_DETECTION,GJ11CH2,6,CAM-GJ-AHM-006,S.G. Highway CCTV Node #06,Ahmedabad,False,NEW,📷 ANPR Detection: GJ11CH2,"Detected at S.G. Highway CCTV Node #06 (23.0225, 72.5714). Watchlist Hit: False"
anpr-ingest-b7bf22b3,2026-09-01 06:35:57.239931+00:00,INFO,ANPR_DETECTION,GJ11CH2,6,CAM-GJ-AHM-006,S.G. Highway CCTV Node #06,Ahmedabad,False,NEW,📷 ANPR Detection: GJ11CH2,"Detected at S.G. Highway CCTV Node #06 (23.0225, 72.5714). Watchlist Hit: False"
anpr-ingest-a0e7cf0a,2026-09-01 06:35:56.638565+00:00,INFO,ANPR_DETECTION,GJ11CH2,6,CAM-GJ-AHM-006,S.G. Highway CCTV Node #06,Ahmedabad,False,NEW,📷 ANPR Detection: GJ11CH2,"Detected at S.G. Highway CCTV Node #06 (23.0225, 72.5714). Watchlist Hit: False"
anpr-ingest-954212bc,2026-09-01 06:35:56.636630+00:00,INFO,ANPR_DETECTION,GJ11CH2,6,CAM-GJ-AHM-006,S.G. Highway CCTV Node #06,Ahmedabad,False,NEW,📷 ANPR Detection: GJ11CH2,"Detected at S.G. Highway CCTV Node #06 (23.0225, 72.5714). Watchlist Hit: False"
anpr-ingest-72fd5644,2026-09-01 06:35:56.437760+00:00,INFO,ANPR_DETECTION,GJ1AB7173,6,CAM-GJ-AHM-006,S.G. Highway CCTV Node #06,Ahmedabad,False,NEW,📷 ANPR Detection: GJ1AB7173,"Detected at S.G. Highway CCTV Node #06 (23.0225, 72.5714). Watchlist Hit: False"
anpr-ingest-e4738dba,2026-09-01 06:35:56.435587+00:00,INFO,ANPR_DETECTION,GJ11AB7173,6,CAM-GJ-AHM-006,S.G. Highway CCTV Node #06,Ahmedabad,False,NEW,📷 ANPR Detection: GJ11AB7173,"Detected at S.G. Highway CCTV Node #06 (23.0225, 72.5714). Watchlist Hit: False"
anpr-ingest-0759647c,2026-09-01 06:35:56.374789+00:00,INFO,ANPR_DETECTION,GJ11AB7173,6,CAM-GJ-AHM-006,S.G. Highway CCTV Node #06,Ahmedabad,False,NEW,📷 ANPR Detection: GJ11AB7173,"Detected at S.G. Highway CCTV Node #06 (23.0225, 72.5714). Watchlist Hit: False"
anpr-ingest-08262b91,2026-09-01 06:35:56.373968+00:00,INFO,ANPR_DETECTION,GJ11AB7173,6,CAM-GJ-AHM-006,S.G. Highway CCTV Node #06,Ahmedabad,False,NEW,📷 ANPR Detection: GJ11AB7173,"Detected at S.G. Highway CCTV Node #06 (23.0225, 72.5714). Watchlist Hit: False"
anpr-ingest-fac7de8e,2026-09-01 06:35:56.187621+00:00,INFO,ANPR_DETECTION,GJ1AB7173,6,CAM-GJ-AHM-006,S.G. Highway CCTV Node #06,Ahmedabad,False,NEW,📷 ANPR Detection: GJ1AB7173,"Detected at S.G. Highway CCTV Node #06 (23.0225, 72.5714). Watchlist Hit: False"
anpr-ingest-97828ced,2026-09-01 06:35:56.183307+00:00,INFO,ANPR_DETECTION,GJ11AB7173,6,CAM-GJ-AHM-006,S.G. Highway CCTV Node #06,Ahmedabad,False,NEW,📷 ANPR Detection: GJ11AB7173,"Detected at S.G. Highway CCTV Node #06 (23.0225, 72.5714). Watchlist Hit: False"
anpr-ingest-108d7ced,2026-09-01 06:35:55.986675+00:00,INFO,ANPR_DETECTION,GJ11AB7173,6,CAM-GJ-AHM-006,S.G. Highway CCTV Node #06,Ahmedabad,False,NEW,📷 ANPR Detection: GJ11AB7173,"Detected at S.G. Highway CCTV Node #06 (23.0225, 72.5714). Watchlist Hit: False"
anpr-ingest-bb4d8e7d,2026-09-01 06:35:55.912880+00:00,INFO,ANPR_DETECTION,GJ11AB7173,6,CAM-GJ-AHM-006,S.G. Highway CCTV Node #06,Ahmedabad,False,NEW,📷 ANPR Detection: GJ11AB7173,"Detected at S.G. Highway CCTV Node #06 (23.0225, 72.5714). Watchlist Hit: False"
anpr-ingest-44018abc,2026-09-01 06:35:55.820554+00:00,INFO,ANPR_DETECTION,GJ11B7173,6,CAM-GJ-AHM-006,S.G. Highway CCTV Node #06,Ahmedabad,False,NEW,📷 ANPR Detection: GJ11B7173,"Detected at S.G. Highway CCTV Node #06 (23.0225, 72.5714). Watchlist Hit: False"
anpr-ingest-22f499aa,2026-09-01 06:35:55.817589+00:00,INFO,ANPR_DETECTION,GJ1AB7173,6,CAM-GJ-AHM-006,S.G. Highway CCTV Node #06,Ahmedabad,False,NEW,📷 ANPR Detection: GJ1AB7173,"Detected at S.G. Highway CCTV Node #06 (23.0225, 72.5714). Watchlist Hit: False"
anpr-ingest-3a0d550b,2026-09-01 06:35:55.816866+00:00,INFO,ANPR_DETECTION,GJ11B7173,6,CAM-GJ-AHM-006,S.G. Highway CCTV Node #06,Ahmedabad,False,NEW,📷 ANPR Detection: GJ11B7173,"Detected at S.G. Highway CCTV Node #06 (23.0225, 72.5714). Watchlist Hit: False"
anpr-ingest-1a815141,2026-09-01 06:35:55.809685+00:00,INFO,ANPR_DETECTION,GJ11AB7173,6,CAM-GJ-AHM-006,S.G. Highway CCTV Node #06,Ahmedabad,False,NEW,📷 ANPR Detection: GJ11AB7173,"Detected at S.G. Highway CCTV Node #06 (23.0225, 72.5714). Watchlist Hit: False"
anpr-ingest-661ec7c3,2026-09-01 06:35:55.808712+00:00,INFO,ANPR_DETECTION,GJ111B7173,6,CAM-GJ-AHM-006,S.G. Highway CCTV Node #06,Ahmedabad,False,NEW,📷 ANPR Detection: GJ111B7173,"Detected at S.G. Highway CCTV Node #06 (23.0225, 72.5714). Watchlist Hit: False"
anpr-ingest-13318b4d,2026-09-01 06:35:55.750889+00:00,INFO,ANPR_DETECTION,GJ11AB7173,6,CAM-GJ-AHM-006,S.G. Highway CCTV Node #06,Ahmedabad,False,NEW,📷 ANPR Detection: GJ11AB7173,"Detected at S.G. Highway CCTV Node #06 (23.0225, 72.5714). Watchlist Hit: False"
anpr-ingest-f2b12d7c,2026-09-01 06:35:55.419748+00:00,INFO,ANPR_DETECTION,GJ11AB7123,6,CAM-GJ-AHM-006,S.G. Highway CCTV Node #06,Ahmedabad,False,NEW,📷 ANPR Detection: GJ11AB7123,"Detected at S.G. Highway CCTV Node #06 (23.0225, 72.5714). Watchlist Hit: False"
anpr-ingest-fb64437c,2026-09-01 06:35:55.419508+00:00,INFO,ANPR_DETECTION,GJ11AB7173,6,CAM-GJ-AHM-006,S.G. Highway CCTV Node #06,Ahmedabad,False,NEW,📷 ANPR Detection: GJ11AB7173,"Detected at S.G. Highway CCTV Node #06 (23.0225, 72.5714). Watchlist Hit: False"
anpr-ingest-1bbce96b,2026-09-01 06:35:55.415856+00:00,INFO,ANPR_DETECTION,GJ11AB7173,6,CAM-GJ-AHM-006,S.G. Highway CCTV Node #06,Ahmedabad,False,NEW,📷 ANPR Detection: GJ11AB7173,"Detected at S.G. Highway CCTV Node #06 (23.0225, 72.5714). Watchlist Hit: False"
anpr-ingest-7ce21f34,2026-09-01 06:35:55.191270+00:00,INFO,ANPR_DETECTION,GJ11AB7173,6,CAM-GJ-AHM-006,S.G. Highway CCTV Node #06,Ahmedabad,False,NEW,📷 ANPR Detection: GJ11AB7173,"Detected at S.G. Highway CCTV Node #06 (23.0225, 72.5714). Watchlist Hit: False"
anpr-ingest-971f2b09,2026-09-01 06:35:55.191257+00:00,INFO,ANPR_DETECTION,GJ111B7173,6,CAM-GJ-AHM-006,S.G. Highway CCTV Node #06,Ahmedabad,False,NEW,📷 ANPR Detection: GJ111B7173,"Detected at S.G. Highway CCTV Node #06 (23.0225, 72.5714). Watchlist Hit: False"
anpr-ingest-2a961e8b,2026-09-01 06:35:55.025364+00:00,INFO,ANPR_DETECTION,GJ11AB7173,6,CAM-GJ-AHM-006,S.G. Highway CCTV Node #06,Ahmedabad,False,NEW,📷 ANPR Detection: GJ11AB7173,"Detected at S.G. Highway CCTV Node #06 (23.0225, 72.5714). Watchlist Hit: False"
anpr-ingest-93e0aeec,2026-09-01 06:35:54.958182+00:00,INFO,ANPR_DETECTION,GJ11AB7173,6,CAM-GJ-AHM-006,S.G. Highway CCTV Node #06,Ahmedabad,False,NEW,📷 ANPR Detection: GJ11AB7173,"Detected at S.G. Highway CCTV Node #06 (23.0225, 72.5714). Watchlist Hit: False"
anpr-ingest-38c273f5,2026-09-01 06:35:54.955647+00:00,INFO,ANPR_DETECTION,GJ11AB7173,6,CAM-GJ-AHM-006,S.G. Highway CCTV Node #06,Ahmedabad,False,NEW,📷 ANPR Detection: GJ11AB7173,"Detected at S.G. Highway CCTV Node #06 (23.0225, 72.5714). Watchlist Hit: False"
anpr-ingest-795e835b,2026-09-01 06:35:54.954753+00:00,INFO,ANPR_DETECTION,GJ11AB7173,6,CAM-GJ-AHM-006,S.G. Highway CCTV Node #06,Ahmedabad,False,NEW,📷 ANPR Detection: GJ11AB7173,"Detected at S.G. Highway CCTV Node #06 (23.0225, 72.5714). Watchlist Hit: False"
anpr-ingest-ce4d2a74,2026-09-01 06:35:54.954713+00:00,INFO,ANPR_DETECTION,GJ11CH2,6,CAM-GJ-AHM-006,S.G. Highway CCTV Node #06,Ahmedabad,False,NEW,📷 ANPR Detection: GJ11CH2,"Detected at S.G. Highway CCTV Node #06 (23.0225, 72.5714). Watchlist Hit: False"
anpr-ingest-a61fe6a7,2026-09-01 06:35:54.952272+00:00,INFO,ANPR_DETECTION,GJ11AB7173,6,CAM-GJ-AHM-006,S.G. Highway CCTV Node #06,Ahmedabad,False,NEW,📷 ANPR Detection: GJ11AB7173,"Detected at S.G. Highway CCTV Node #06 (23.0225, 72.5714). Watchlist Hit: False"
anpr-ingest-5397ec9b,2026-09-01 06:35:54.745934+00:00,INFO,ANPR_DETECTION,GJ11AB7173,6,CAM-GJ-AHM-006,S.G. Highway CCTV Node #06,Ahmedabad,False,NEW,📷 ANPR Detection: GJ11AB7173,"Detected at S.G. Highway CCTV Node #06 (23.0225, 72.5714). Watchlist Hit: False"
anpr-ingest-d114f942,2026-09-01 06:35:54.600549+00:00,INFO,ANPR_DETECTION,GJ11AB7123,6,CAM-GJ-AHM-006,S.G. Highway CCTV Node #06,Ahmedabad,False,NEW,📷 ANPR Detection: GJ11AB7123,"Detected at S.G. Highway CCTV Node #06 (23.0225, 72.5714). Watchlist Hit: False"
anpr-ingest-e8ce5dce,2026-09-01 06:35:54.424235+00:00,INFO,ANPR_DETECTION,GJ11AB7173,6,CAM-GJ-AHM-006,S.G. Highway CCTV Node #06,Ahmedabad,False,NEW,📷 ANPR Detection: GJ11AB7173,"Detected at S.G. Highway CCTV Node #06 (23.0225, 72.5714). Watchlist Hit: False"
anpr-ingest-fbf7bb0d,2026-09-01 06:35:54.334260+00:00,INFO,ANPR_DETECTION,GJ11AB7173,6,CAM-GJ-AHM-006,S.G. Highway CCTV Node #06,Ahmedabad,False,NEW,📷 ANPR Detection: GJ11AB7173,"Detected at S.G. Highway CCTV Node #06 (23.0225, 72.5714). Watchlist Hit: False"
anpr-ingest-ccc6e778,2026-09-01 06:35:54.206511+00:00,INFO,ANPR_DETECTION,GJ11B7173,6,CAM-GJ-AHM-006,S.G. Highway CCTV Node #06,Ahmedabad,False,NEW,📷 ANPR Detection: GJ11B7173,"Detected at S.G. Highway CCTV Node #06 (23.0225, 72.5714). Watchlist Hit: False"
anpr-ingest-612f6d28,2026-09-01 06:35:53.764669+00:00,INFO,ANPR_DETECTION,GJ111B7173,6,CAM-GJ-AHM-006,S.G. Highway CCTV Node #06,Ahmedabad,False,NEW,📷 ANPR Detection: GJ111B7173,"Detected at S.G. Highway CCTV Node #06 (23.0225, 72.5714). Watchlist Hit: False"
anpr-ingest-034bb0fd,2026-09-01 06:35:53.572011+00:00,INFO,ANPR_DETECTION,GJ11CM2,6,CAM-GJ-AHM-006,S.G. Highway CCTV Node #06,Ahmedabad,False,NEW,📷 ANPR Detection: GJ11CM2,"Detected at S.G. Highway CCTV Node #06 (23.0225, 72.5714). Watchlist Hit: False"
anpr-ingest-8957ec59,2026-09-01 06:35:52.306931+00:00,INFO,ANPR_DETECTION,GJ11CH2,6,CAM-GJ-AHM-006,S.G. Highway CCTV Node #06,Ahmedabad,False,NEW,📷 ANPR Detection: GJ11CH2,"Detected at S.G. Highway CCTV Node #06 (23.0225, 72.5714). Watchlist Hit: False"
anpr-ingest-cddf4551,2026-09-01 06:35:50.867172+00:00,INFO,ANPR_DETECTION,GJ11CH2,6,CAM-GJ-AHM-006,S.G. Highway CCTV Node #06,Ahmedabad,False,NEW,📷 ANPR Detection: GJ11CH2,"Detected at S.G. Highway CCTV Node #06 (23.0225, 72.5714). Watchlist Hit: False"
anpr-ingest-52de002d,2026-09-01 06:35:49.926901+00:00,INFO,ANPR_DETECTION,GJ11CH2,6,CAM-GJ-AHM-006,S.G. Highway CCTV Node #06,Ahmedabad,False,NEW,📷 ANPR Detection: GJ11CH2,"Detected at S.G. Highway CCTV Node #06 (23.0225, 72.5714). Watchlist Hit: False"
anpr-ingest-9885b3b5,2026-09-01 06:35:49.405351+00:00,INFO,ANPR_DETECTION,GJ11CH2,6,CAM-GJ-AHM-006,S.G. Highway CCTV Node #06,Ahmedabad,False,NEW,📷 ANPR Detection: GJ11CH2,"Detected at S.G. Highway CCTV Node #06 (23.0225, 72.5714). Watchlist Hit: False"
anpr-ingest-5727babb,2026-09-01 06:35:48.995957+00:00,INFO,ANPR_DETECTION,GJ11CH2,6,CAM-GJ-AHM-006,S.G. Highway CCTV Node #06,Ahmedabad,False,NEW,📷 ANPR Detection: GJ11CH2,"Detected at S.G. Highway CCTV Node #06 (23.0225, 72.5714). Watchlist Hit: False"
anpr-ingest-3162222c,2026-09-01 06:35:48.873062+00:00,INFO,ANPR_DETECTION,GJ11CH2,6,CAM-GJ-AHM-006,S.G. Highway CCTV Node #06,Ahmedabad,False,NEW,📷 ANPR Detection: GJ11CH2,"Detected at S.G. Highway CCTV Node #06 (23.0225, 72.5714). Watchlist Hit: False"
anpr-ingest-64b06561,2026-09-01 06:35:48.321002+00:00,INFO,ANPR_DETECTION,GJ11CH2,6,CAM-GJ-AHM-006,S.G. Highway CCTV Node #06,Ahmedabad,False,NEW,📷 ANPR Detection: GJ11CH2,"Detected at S.G. Highway CCTV Node #06 (23.0225, 72.5714). Watchlist Hit: False"
anpr-ingest-9ecb56ae,2026-09-01 06:35:47.904522+00:00,INFO,ANPR_DETECTION,GJ11CH2,6,CAM-GJ-AHM-006,S.G. Highway CCTV Node #06,Ahmedabad,False,NEW,📷 ANPR Detection: GJ11CH2,"Detected at S.G. Highway CCTV Node #06 (23.0225, 72.5714). Watchlist Hit: False"
anpr-ingest-67c8960a,2026-09-01 06:35:47.690044+00:00,INFO,ANPR_DETECTION,GJ11CM2,6,CAM-GJ-AHM-006,S.G. Highway CCTV Node #06,Ahmedabad,False,NEW,📷 ANPR Detection: GJ11CM2,"Detected at S.G. Highway CCTV Node #06 (23.0225, 72.5714). Watchlist Hit: False"
anpr-ingest-1b828590,2026-09-01 06:35:47.594190+00:00,INFO,ANPR_DETECTION,GJ11CM2,6,CAM-GJ-AHM-006,S.G. Highway CCTV Node #06,Ahmedabad,False,NEW,📷 ANPR Detection: GJ11CM2,"Detected at S.G. Highway CCTV Node #06 (23.0225, 72.5714). Watchlist Hit: False"
anpr-ingest-83701404,2026-09-01 06:35:47.460170+00:00,INFO,ANPR_DETECTION,GJ11CH2,6,CAM-GJ-AHM-006,S.G. Highway CCTV Node #06,Ahmedabad,False,NEW,📷 ANPR Detection: GJ11CH2,"Detected at S.G. Highway CCTV Node #06 (23.0225, 72.5714). Watchlist Hit: False"
anpr-ingest-7e0296eb,2026-09-01 06:35:47.082890+00:00,INFO,ANPR_DETECTION,GJ11CM2,6,CAM-GJ-AHM-006,S.G. Highway CCTV Node #06,Ahmedabad,False,NEW,📷 ANPR Detection: GJ11CM2,"Detected at S.G. Highway CCTV Node #06 (23.0225, 72.5714). Watchlist Hit: False"
anpr-ingest-773749d5,2026-09-01 06:35:46.975864+00:00,INFO,ANPR_DETECTION,GJ11CH2,6,CAM-GJ-AHM-006,S.G. Highway CCTV Node #06,Ahmedabad,False,NEW,📷 ANPR Detection: GJ11CH2,"Detected at S.G. Highway CCTV Node #06 (23.0225, 72.5714). Watchlist Hit: False"
anpr-ingest-3e9ce228,2026-09-01 06:35:45.699889+00:00,INFO,ANPR_DETECTION,GJ71CH2,6,CAM-GJ-AHM-006,S.G. Highway CCTV Node #06,Ahmedabad,False,NEW,📷 ANPR Detection: GJ71CH2,"Detected at S.G. Highway CCTV Node #06 (23.0225, 72.5714). Watchlist Hit: False"
anpr-ingest-a5b3fd0a,2026-09-01 06:35:45.073530+00:00,INFO,ANPR_DETECTION,GJ11CH2,6,CAM-GJ-AHM-006,S.G. Highway CCTV Node #06,Ahmedabad,False,NEW,📷 ANPR Detection: GJ11CH2,"Detected at S.G. Highway CCTV Node #06 (23.0225, 72.5714). Watchlist Hit: False"
anpr-ingest-c74cbb94,2026-09-01 06:35:42.916694+00:00,INFO,ANPR_DETECTION,GJ11CH2,6,CAM-GJ-AHM-006,S.G. Highway CCTV Node #06,Ahmedabad,False,NEW,📷 ANPR Detection: GJ11CH2,"Detected at S.G. Highway CCTV Node #06 (23.0225, 72.5714). Watchlist Hit: False"
anpr-ingest-8e988515,2026-09-01 06:35:42.834425+00:00,INFO,ANPR_DETECTION,GJ11CH2,6,CAM-GJ-AHM-006,S.G. Highway CCTV Node #06,Ahmedabad,False,NEW,📷 ANPR Detection: GJ11CH2,"Detected at S.G. Highway CCTV Node #06 (23.0225, 72.5714). Watchlist Hit: False"
anpr-ingest-c1005769,2026-09-01 06:35:42.689955+00:00,INFO,ANPR_DETECTION,GJ11CH2,6,CAM-GJ-AHM-006,S.G. Highway CCTV Node #06,Ahmedabad,False,NEW,📷 ANPR Detection: GJ11CH2,"Detected at S.G. Highway CCTV Node #06 (23.0225, 72.5714). Watchlist Hit: False"
anpr-ingest-f75f90aa,2026-09-01 06:35:42.608619+00:00,INFO,ANPR_DETECTION,GJ11CH2,6,CAM-GJ-AHM-006,S.G. Highway CCTV Node #06,Ahmedabad,False,NEW,📷 ANPR Detection: GJ11CH2,"Detected at S.G. Highway CCTV Node #06 (23.0225, 72.5714). Watchlist Hit: False"
anpr-ingest-5941dd47,2026-09-01 06:35:39.782791+00:00,INFO,ANPR_DETECTION,GJ11CH2,6,CAM-GJ-AHM-006,S.G. Highway CCTV Node #06,Ahmedabad,False,NEW,📷 ANPR Detection: GJ11CH2,"Detected at S.G. Highway CCTV Node #06 (23.0225, 72.5714). Watchlist Hit: False"
anpr-ingest-6cfcce12,2026-09-01 06:35:39.707263+00:00,INFO,ANPR_DETECTION,GJ11CH2,6,CAM-GJ-AHM-006,S.G. Highway CCTV Node #06,Ahmedabad,False,NEW,📷 ANPR Detection: GJ11CH2,"Detected at S.G. Highway CCTV Node #06 (23.0225, 72.5714). Watchlist Hit: False"
anpr-ingest-ac39ce20,2026-09-01 06:35:39.584041+00:00,INFO,ANPR_DETECTION,GJ11CH2,6,CAM-GJ-AHM-006,S.G. Highway CCTV Node #06,Ahmedabad,False,NEW,📷 ANPR Detection: GJ11CH2,"Detected at S.G. Highway CCTV Node #06 (23.0225, 72.5714). Watchlist Hit: False"
anpr-ingest-10330ae4,2026-09-01 06:35:39.516390+00:00,INFO,ANPR_DETECTION,GJ10CN2782,6,CAM-GJ-AHM-006,S.G. Highway CCTV Node #06,Ahmedabad,False,NEW,📷 ANPR Detection: GJ10CN2782,"Detected at S.G. Highway CCTV Node #06 (23.0225, 72.5714). Watchlist Hit: False"
anpr-ingest-188179d9,2026-09-01 06:35:39.515742+00:00,INFO,ANPR_DETECTION,GJ10CN2782,6,CAM-GJ-AHM-006,S.G. Highway CCTV Node #06,Ahmedabad,False,NEW,📷 ANPR Detection: GJ10CN2782,"Detected at S.G. Highway CCTV Node #06 (23.0225, 72.5714). Watchlist Hit: False"
anpr-ingest-6dee544a,2026-09-01 06:35:39.515129+00:00,INFO,ANPR_DETECTION,GJ10CM2782,6,CAM-GJ-AHM-006,S.G. Highway CCTV Node #06,Ahmedabad,False,NEW,📷 ANPR Detection: GJ10CM2782,"Detected at S.G. Highway CCTV Node #06 (23.0225, 72.5714). Watchlist Hit: False"
anpr-ingest-5e410d62,2026-09-01 06:35:39.513871+00:00,INFO,ANPR_DETECTION,GJ10CN2782,6,CAM-GJ-AHM-006,S.G. Highway CCTV Node #06,Ahmedabad,False,NEW,📷 ANPR Detection: GJ10CN2782,"Detected at S.G. Highway CCTV Node #06 (23.0225, 72.5714). Watchlist Hit: False"
anpr-ingest-3824b779,2026-09-01 06:35:39.513284+00:00,INFO,ANPR_DETECTION,GJ10CM2782,6,CAM-GJ-AHM-006,S.G. Highway CCTV Node #06,Ahmedabad,False,NEW,📷 ANPR Detection: GJ10CM2782,"Detected at S.G. Highway CCTV Node #06 (23.0225, 72.5714). Watchlist Hit: False"
anpr-ingest-3bfb551a,2026-09-01 06:35:39.512554+00:00,INFO,ANPR_DETECTION,GJ1DCN2782,6,CAM-GJ-AHM-006,S.G. Highway CCTV Node #06,Ahmedabad,False,NEW,📷 ANPR Detection: GJ1DCN2782,"Detected at S.G. Highway CCTV Node #06 (23.0225, 72.5714). Watchlist Hit: False"
anpr-ingest-eb645fc4,2026-09-01 06:35:39.142788+00:00,INFO,ANPR_DETECTION,GJ1DCN2782,6,CAM-GJ-AHM-006,S.G. Highway CCTV Node #06,Ahmedabad,False,NEW,📷 ANPR Detection: GJ1DCN2782,"Detected at S.G. Highway CCTV Node #06 (23.0225, 72.5714). Watchlist Hit: False"
anpr-ingest-39c6e144,2026-09-01 06:35:39.142441+00:00,INFO,ANPR_DETECTION,GJ1DCM2782,6,CAM-GJ-AHM-006,S.G. Highway CCTV Node #06,Ahmedabad,False,NEW,📷 ANPR Detection: GJ1DCM2782,"Detected at S.G. Highway CCTV Node #06 (23.0225, 72.5714). Watchlist Hit: False"
anpr-ingest-d4b96447,2026-09-01 06:35:39.002376+00:00,INFO,ANPR_DETECTION,GJ1DCM2782,6,CAM-GJ-AHM-006,S.G. Highway CCTV Node #06,Ahmedabad,False,NEW,📷 ANPR Detection: GJ1DCM2782,"Detected at S.G. Highway CCTV Node #06 (23.0225, 72.5714). Watchlist Hit: False"
anpr-ingest-0e64a6a3,2026-09-01 06:35:39.002031+00:00,INFO,ANPR_DETECTION,GJ11CH2,6,CAM-GJ-AHM-006,S.G. Highway CCTV Node #06,Ahmedabad,False,NEW,📷 ANPR Detection: GJ11CH2,"Detected at S.G. Highway CCTV Node #06 (23.0225, 72.5714). Watchlist Hit: False"
anpr-ingest-dbe9a742,2026-09-01 06:35:39.000828+00:00,INFO,ANPR_DETECTION,GJ1DCM2782,6,CAM-GJ-AHM-006,S.G. Highway CCTV Node #06,Ahmedabad,False,NEW,📷 ANPR Detection: GJ1DCM2782,"Detected at S.G. Highway CCTV Node #06 (23.0225, 72.5714). Watchlist Hit: False"
anpr-ingest-21534510,2026-09-01 06:35:39.000083+00:00,INFO,ANPR_DETECTION,GJ1DCM2782,6,CAM-GJ-AHM-006,S.G. Highway CCTV Node #06,Ahmedabad,False,NEW,📷 ANPR Detection: GJ1DCM2782,"Detected at S.G. Highway CCTV Node #06 (23.0225, 72.5714). Watchlist Hit: False"
anpr-ingest-a3766650,2026-09-01 06:35:38.999742+00:00,INFO,ANPR_DETECTION,GJ1DC2782,6,CAM-GJ-AHM-006,S.G. Highway CCTV Node #06,Ahmedabad,False,NEW,📷 ANPR Detection: GJ1DC2782,"Detected at S.G. Highway CCTV Node #06 (23.0225, 72.5714). Watchlist Hit: False"
anpr-ingest-ec172527,2026-09-01 06:35:38.999189+00:00,INFO,ANPR_DETECTION,GJ1DCW2782,6,CAM-GJ-AHM-006,S.G. Highway CCTV Node #06,Ahmedabad,False,NEW,📷 ANPR Detection: GJ1DCW2782,"Detected at S.G. Highway CCTV Node #06 (23.0225, 72.5714). Watchlist Hit: False"
anpr-ingest-24a700b3,2026-09-01 06:35:38.998547+00:00,INFO,ANPR_DETECTION,GJ11CH2,6,CAM-GJ-AHM-006,S.G. Highway CCTV Node #06,Ahmedabad,False,NEW,📷 ANPR Detection: GJ11CH2,"Detected at S.G. Highway CCTV Node #06 (23.0225, 72.5714). Watchlist Hit: False"
anpr-ingest-d6e3e14e,2026-09-01 06:35:38.997533+00:00,INFO,ANPR_DETECTION,GJ1DCM2782,6,CAM-GJ-AHM-006,S.G. Highway CCTV Node #06,Ahmedabad,False,NEW,📷 ANPR Detection: GJ1DCM2782,"Detected at S.G. Highway CCTV Node #06 (23.0225, 72.5714). Watchlist Hit: False"
anpr-ingest-6e31b88a,2026-09-01 06:35:38.879292+00:00,INFO,ANPR_DETECTION,GJ10CM2782,6,CAM-GJ-AHM-006,S.G. Highway CCTV Node #06,Ahmedabad,False,NEW,📷 ANPR Detection: GJ10CM2782,"Detected at S.G. Highway CCTV Node #06 (23.0225, 72.5714). Watchlist Hit: False"
anpr-ingest-96098caf,2026-09-01 06:35:38.426588+00:00,INFO,ANPR_DETECTION,GJ10CM2782,6,CAM-GJ-AHM-006,S.G. Highway CCTV Node #06,Ahmedabad,False,NEW,📷 ANPR Detection: GJ10CM2782,"Detected at S.G. Highway CCTV Node #06 (23.0225, 72.5714). Watchlist Hit: False"
anpr-ingest-f67288e5,2026-09-01 06:35:38.425569+00:00,INFO,ANPR_DETECTION,GJ10CM2782,6,CAM-GJ-AHM-006,S.G. Highway CCTV Node #06,Ahmedabad,False,NEW,📷 ANPR Detection: GJ10CM2782,"Detected at S.G. Highway CCTV Node #06 (23.0225, 72.5714). Watchlist Hit: False"
anpr-ingest-8697e54b,2026-09-01 06:35:38.288801+00:00,INFO,ANPR_DETECTION,GJ1DCN2782,6,CAM-GJ-AHM-006,S.G. Highway CCTV Node #06,Ahmedabad,False,NEW,📷 ANPR Detection: GJ1DCN2782,"Detected at S.G. Highway CCTV Node #06 (23.0225, 72.5714). Watchlist Hit: False"
anpr-ingest-da6b3bb3,2026-09-01 06:35:38.281498+00:00,INFO,ANPR_DETECTION,GJ1DCW2782,6,CAM-GJ-AHM-006,S.G. Highway CCTV Node #06,Ahmedabad,False,NEW,📷 ANPR Detection: GJ1DCW2782,"Detected at S.G. Highway CCTV Node #06 (23.0225, 72.5714). Watchlist Hit: False"
anpr-ingest-bc4b1765,2026-09-01 06:35:38.108559+00:00,INFO,ANPR_DETECTION,GJ1DCN2782,6,CAM-GJ-AHM-006,S.G. Highway CCTV Node #06,Ahmedabad,False,NEW,📷 ANPR Detection: GJ1DCN2782,"Detected at S.G. Highway CCTV Node #06 (23.0225, 72.5714). Watchlist Hit: False"
anpr-ingest-7fdede78,2026-09-01 06:35:38.019709+00:00,INFO,ANPR_DETECTION,GJ1DCN2782,6,CAM-GJ-AHM-006,S.G. Highway CCTV Node #06,Ahmedabad,False,NEW,📷 ANPR Detection: GJ1DCN2782,"Detected at S.G. Highway CCTV Node #06 (23.0225, 72.5714). Watchlist Hit: False"
anpr-ingest-66eba821,2026-09-01 06:35:37.910001+00:00,INFO,ANPR_DETECTION,GJ1DCW2782,6,CAM-GJ-AHM-006,S.G. Highway CCTV Node #06,Ahmedabad,False,NEW,📷 ANPR Detection: GJ1DCW2782,"Detected at S.G. Highway CCTV Node #06 (23.0225, 72.5714). Watchlist Hit: False"
anpr-ingest-00b5d062,2026-09-01 06:35:37.901541+00:00,INFO,ANPR_DETECTION,GJ1DCM2782,6,CAM-GJ-AHM-006,S.G. Highway CCTV Node #06,Ahmedabad,False,NEW,📷 ANPR Detection: GJ1DCM2782,"Detected at S.G. Highway CCTV Node #06 (23.0225, 72.5714). Watchlist Hit: False"
anpr-ingest-8f13c93c,2026-09-01 06:35:37.837468+00:00,INFO,ANPR_DETECTION,GJ1DCK2782,6,CAM-GJ-AHM-006,S.G. Highway CCTV Node #06,Ahmedabad,False,NEW,📷 ANPR Detection: GJ1DCK2782,"Detected at S.G. Highway CCTV Node #06 (23.0225, 72.5714). Watchlist Hit: False"
anpr-ingest-534f15d4,2026-09-01 06:35:37.775445+00:00,INFO,ANPR_DETECTION,GJ1DCM2782,6,CAM-GJ-AHM-006,S.G. Highway CCTV Node #06,Ahmedabad,False,NEW,📷 ANPR Detection: GJ1DCM2782,"Detected at S.G. Highway CCTV Node #06 (23.0225, 72.5714). Watchlist Hit: False"
anpr-ingest-dec71310,2026-09-01 06:35:37.775340+00:00,INFO,ANPR_DETECTION,GJ1DCM2782,6,CAM-GJ-AHM-006,S.G. Highway CCTV Node #06,Ahmedabad,False,NEW,📷 ANPR Detection: GJ1DCM2782,"Detected at S.G. Highway CCTV Node #06 (23.0225, 72.5714). Watchlist Hit: False"
anpr-ingest-bcd5677e,2026-09-01 06:35:37.774861+00:00,INFO,ANPR_DETECTION,GJ1DCM278,6,CAM-GJ-AHM-006,S.G. Highway CCTV Node #06,Ahmedabad,False,NEW,📷 ANPR Detection: GJ1DCM278,"Detected at S.G. Highway CCTV Node #06 (23.0225, 72.5714). Watchlist Hit: False"
anpr-ingest-707e4194,2026-09-01 06:35:37.774568+00:00,INFO,ANPR_DETECTION,GJ1DCM2782,6,CAM-GJ-AHM-006,S.G. Highway CCTV Node #06,Ahmedabad,False,NEW,📷 ANPR Detection: GJ1DCM2782,"Detected at S.G. Highway CCTV Node #06 (23.0225, 72.5714). Watchlist Hit: False"
anpr-ingest-0c178c9c,2026-09-01 06:35:37.706108+00:00,INFO,ANPR_DETECTION,GJ1DCK2782,6,CAM-GJ-AHM-006,S.G. Highway CCTV Node #06,Ahmedabad,False,NEW,📷 ANPR Detection: GJ1DCK2782,"Detected at S.G. Highway CCTV Node #06 (23.0225, 72.5714). Watchlist Hit: False"
anpr-ingest-5f02c2e6,2026-09-01 06:35:37.364920+00:00,INFO,ANPR_DETECTION,GJ1DCN2782,6,CAM-GJ-AHM-006,S.G. Highway CCTV Node #06,Ahmedabad,False,NEW,📷 ANPR Detection: GJ1DCN2782,"Detected at S.G. Highway CCTV Node #06 (23.0225, 72.5714). Watchlist Hit: False"
anpr-ingest-2f695220,2026-09-01 06:35:37.336379+00:00,INFO,ANPR_DETECTION,GJ1DCK2782,6,CAM-GJ-AHM-006,S.G. Highway CCTV Node #06,Ahmedabad,False,NEW,📷 ANPR Detection: GJ1DCK2782,"Detected at S.G. Highway CCTV Node #06 (23.0225, 72.5714). Watchlist Hit: False"
anpr-ingest-d6d8dc28,2026-09-01 06:35:37.269570+00:00,INFO,ANPR_DETECTION,GJ1DCM2782,6,CAM-GJ-AHM-006,S.G. Highway CCTV Node #06,Ahmedabad,False,NEW,📷 ANPR Detection: GJ1DCM2782,"Detected at S.G. Highway CCTV Node #06 (23.0225, 72.5714). Watchlist Hit: False"
anpr-ingest-7f3845d1,2026-09-01 06:35:37.203094+00:00,INFO,ANPR_DETECTION,GJ10CK2782,6,CAM-GJ-AHM-006,S.G. Highway CCTV Node #06,Ahmedabad,False,NEW,📷 ANPR Detection: GJ10CK2782,"Detected at S.G. Highway CCTV Node #06 (23.0225, 72.5714). Watchlist Hit: False"
anpr-ingest-58e22626,2026-09-01 06:35:37.140543+00:00,INFO,ANPR_DETECTION,GJ10LK2782,6,CAM-GJ-AHM-006,S.G. Highway CCTV Node #06,Ahmedabad,False,NEW,📷 ANPR Detection: GJ10LK2782,"Detected at S.G. Highway CCTV Node #06 (23.0225, 72.5714). Watchlist Hit: False"
anpr-ingest-1b543ede,2026-09-01 06:35:36.984551+00:00,INFO,ANPR_DETECTION,GJ1DCK2782,6,CAM-GJ-AHM-006,S.G. Highway CCTV Node #06,Ahmedabad,False,NEW,📷 ANPR Detection: GJ1DCK2782,"Detected at S.G. Highway CCTV Node #06 (23.0225, 72.5714). Watchlist Hit: False"
anpr-ingest-447dd803,2026-09-01 06:35:36.780547+00:00,INFO,ANPR_DETECTION,GJ1QCK2782,6,CAM-GJ-AHM-006,S.G. Highway CCTV Node #06,Ahmedabad,False,NEW,📷 ANPR Detection: GJ1QCK2782,"Detected at S.G. Highway CCTV Node #06 (23.0225, 72.5714). Watchlist Hit: False"
anpr-ingest-3d4f53c3,2026-09-01 06:35:36.645866+00:00,INFO,ANPR_DETECTION,GJ11CH2,6,CAM-GJ-AHM-006,S.G. Highway CCTV Node #06,Ahmedabad,False,NEW,📷 ANPR Detection: GJ11CH2,"Detected at S.G. Highway CCTV Node #06 (23.0225, 72.5714). Watchlist Hit: False"
anpr-ingest-10a1e643,2026-09-01 06:35:36.642222+00:00,INFO,ANPR_DETECTION,GJ1DCK2782,6,CAM-GJ-AHM-006,S.G. Highway CCTV Node #06,Ahmedabad,False,NEW,📷 ANPR Detection: GJ1DCK2782,"Detected at S.G. Highway CCTV Node #06 (23.0225, 72.5714). Watchlist Hit: False"
anpr-ingest-db4bac16,2026-09-01 06:35:36.514553+00:00,INFO,ANPR_DETECTION,GJ11CH2,6,CAM-GJ-AHM-006,S.G. Highway CCTV Node #06,Ahmedabad,False,NEW,📷 ANPR Detection: GJ11CH2,"Detected at S.G. Highway CCTV Node #06 (23.0225, 72.5714). Watchlist Hit: False"
anpr-ingest-7d64911a,2026-09-01 06:35:36.441556+00:00,INFO,ANPR_DETECTION,GJ10CN2782,6,CAM-GJ-AHM-006,S.G. Highway CCTV Node #06,Ahmedabad,False,NEW,📷 ANPR Detection: GJ10CN2782,"Detected at S.G. Highway CCTV Node #06 (23.0225, 72.5714). Watchlist Hit: False"
anpr-ingest-83affff2,2026-09-01 06:35:36.362259+00:00,INFO,ANPR_DETECTION,GJ11CM2,6,CAM-GJ-AHM-006,S.G. Highway CCTV Node #06,Ahmedabad,False,NEW,📷 ANPR Detection: GJ11CM2,"Detected at S.G. Highway CCTV Node #06 (23.0225, 72.5714). Watchlist Hit: False"
anpr-ingest-eaee138e,2026-09-01 06:35:36.196197+00:00,INFO,ANPR_DETECTION,GJ1DCX2782,6,CAM-GJ-AHM-006,S.G. Highway CCTV Node #06,Ahmedabad,False,NEW,📷 ANPR Detection: GJ1DCX2782,"Detected at S.G. Highway CCTV Node #06 (23.0225, 72.5714). Watchlist Hit: False"
anpr-ingest-50d313a8,2026-09-01 06:35:36.123172+00:00,INFO,ANPR_DETECTION,GJ10CN2782,6,CAM-GJ-AHM-006,S.G. Highway CCTV Node #06,Ahmedabad,False,NEW,📷 ANPR Detection: GJ10CN2782,"Detected at S.G. Highway CCTV Node #06 (23.0225, 72.5714). Watchlist Hit: False"
anpr-ingest-a4a7b820,2026-09-01 06:35:35.973953+00:00,INFO,ANPR_DETECTION,GJ10CK2782,6,CAM-GJ-AHM-006,S.G. Highway CCTV Node #06,Ahmedabad,False,NEW,📷 ANPR Detection: GJ10CK2782,"Detected at S.G. Highway CCTV Node #06 (23.0225, 72.5714). Watchlist Hit: False"
anpr-ingest-a2252fb0,2026-09-01 06:35:35.857947+00:00,INFO,ANPR_DETECTION,GJ10CJ2782,6,CAM-GJ-AHM-006,S.G. Highway CCTV Node #06,Ahmedabad,False,NEW,📷 ANPR Detection: GJ10CJ2782,"Detected at S.G. Highway CCTV Node #06 (23.0225, 72.5714). Watchlist Hit: False"
anpr-ingest-55ce51e5,2026-09-01 06:35:34.369057+00:00,INFO,ANPR_DETECTION,GJ11CM2,6,CAM-GJ-AHM-006,S.G. Highway CCTV Node #06,Ahmedabad,False,NEW,📷 ANPR Detection: GJ11CM2,"Detected at S.G. Highway CCTV Node #06 (23.0225, 72.5714). Watchlist Hit: False"
anpr-ingest-6339cd85,2026-09-01 06:35:34.215963+00:00,INFO,ANPR_DETECTION,GJ11CH2,6,CAM-GJ-AHM-006,S.G. Highway CCTV Node #06,Ahmedabad,False,NEW,📷 ANPR Detection: GJ11CH2,"Detected at S.G. Highway CCTV Node #06 (23.0225, 72.5714). Watchlist Hit: False"
anpr-ingest-d551db7b,2026-09-01 06:35:33.269189+00:00,INFO,ANPR_DETECTION,GJ11CM2,6,CAM-GJ-AHM-006,S.G. Highway CCTV Node #06,Ahmedabad,False,NEW,📷 ANPR Detection: GJ11CM2,"Detected at S.G. Highway CCTV Node #06 (23.0225, 72.5714). Watchlist Hit: False"
anpr-ingest-704cb082,2026-09-01 06:35:33.165542+00:00,INFO,ANPR_DETECTION,GJ11CH2,6,CAM-GJ-AHM-006,S.G. Highway CCTV Node #06,Ahmedabad,False,NEW,📷 ANPR Detection: GJ11CH2,"Detected at S.G. Highway CCTV Node #06 (23.0225, 72.5714). Watchlist Hit: False"
anpr-ingest-979534db,2026-09-01 06:35:32.661048+00:00,INFO,ANPR_DETECTION,GJ11CH2,6,CAM-GJ-AHM-006,S.G. Highway CCTV Node #06,Ahmedabad,False,NEW,📷 ANPR Detection: GJ11CH2,"Detected at S.G. Highway CCTV Node #06 (23.0225, 72.5714). Watchlist Hit: False"
anpr-ingest-491a9981,2026-09-01 06:35:32.383145+00:00,INFO,ANPR_DETECTION,GJ11CH2,6,CAM-GJ-AHM-006,S.G. Highway CCTV Node #06,Ahmedabad,False,NEW,📷 ANPR Detection: GJ11CH2,"Detected at S.G. Highway CCTV Node #06 (23.0225, 72.5714). Watchlist Hit: False"
anpr-ingest-673423ca,2026-09-01 06:35:32.381929+00:00,INFO,ANPR_DETECTION,GJ11CH2,6,CAM-GJ-AHM-006,S.G. Highway CCTV Node #06,Ahmedabad,False,NEW,📷 ANPR Detection: GJ11CH2,"Detected at S.G. Highway CCTV Node #06 (23.0225, 72.5714). Watchlist Hit: False"
anpr-ingest-ce2fa4d7,2026-09-01 06:35:32.195082+00:00,INFO,ANPR_DETECTION,GJ11CH2,6,CAM-GJ-AHM-006,S.G. Highway CCTV Node #06,Ahmedabad,False,NEW,📷 ANPR Detection: GJ11CH2,"Detected at S.G. Highway CCTV Node #06 (23.0225, 72.5714). Watchlist Hit: False"
anpr-ingest-ef820075,2026-09-01 06:35:31.840698+00:00,INFO,ANPR_DETECTION,GJ11CH2,6,CAM-GJ-AHM-006,S.G. Highway CCTV Node #06,Ahmedabad,False,NEW,📷 ANPR Detection: GJ11CH2,"Detected at S.G. Highway CCTV Node #06 (23.0225, 72.5714). Watchlist Hit: False"
anpr-ingest-690b84f2,2026-09-01 06:35:29.703146+00:00,INFO,ANPR_DETECTION,GJ11CH2,6,CAM-GJ-AHM-006,S.G. Highway CCTV Node #06,Ahmedabad,False,NEW,📷 ANPR Detection: GJ11CH2,"Detected at S.G. Highway CCTV Node #06 (23.0225, 72.5714). Watchlist Hit: False"
anpr-ingest-f88afd10,2026-09-01 06:35:29.623545+00:00,INFO,ANPR_DETECTION,GJ11CH2,6,CAM-GJ-AHM-006,S.G. Highway CCTV Node #06,Ahmedabad,False,NEW,📷 ANPR Detection: GJ11CH2,"Detected at S.G. Highway CCTV Node #06 (23.0225, 72.5714). Watchlist Hit: False"
anpr-ingest-a3a70763,2026-09-01 06:35:29.484710+00:00,INFO,ANPR_DETECTION,GJ11CH2,6,CAM-GJ-AHM-006,S.G. Highway CCTV Node #06,Ahmedabad,False,NEW,📷 ANPR Detection: GJ11CH2,"Detected at S.G. Highway CCTV Node #06 (23.0225, 72.5714). Watchlist Hit: False"
anpr-ingest-df7879cf,2026-09-01 06:35:29.366866+00:00,INFO,ANPR_DETECTION,GJ11CH2,6,CAM-GJ-AHM-006,S.G. Highway CCTV Node #06,Ahmedabad,False,NEW,📷 ANPR Detection: GJ11CH2,"Detected at S.G. Highway CCTV Node #06 (23.0225, 72.5714). Watchlist Hit: False"
anpr-ingest-984c8deb,2026-09-01 06:35:29.294552+00:00,INFO,ANPR_DETECTION,GJ11CH2,6,CAM-GJ-AHM-006,S.G. Highway CCTV Node #06,Ahmedabad,False,NEW,📷 ANPR Detection: GJ11CH2,"Detected at S.G. Highway CCTV Node #06 (23.0225, 72.5714). Watchlist Hit: False"
anpr-ingest-8e9128c3,2026-09-01 06:35:29.142037+00:00,INFO,ANPR_DETECTION,GJ11CH2,6,CAM-GJ-AHM-006,S.G. Highway CCTV Node #06,Ahmedabad,False,NEW,📷 ANPR Detection: GJ11CH2,"Detected at S.G. Highway CCTV Node #06 (23.0225, 72.5714). Watchlist Hit: False"
anpr-ingest-54281519,2026-09-01 06:35:27.442433+00:00,INFO,ANPR_DETECTION,GJ11CH2,6,CAM-GJ-AHM-006,S.G. Highway CCTV Node #06,Ahmedabad,False,NEW,📷 ANPR Detection: GJ11CH2,"Detected at S.G. Highway CCTV Node #06 (23.0225, 72.5714). Watchlist Hit: False"
anpr-ingest-1c40019c,2026-09-01 06:35:26.174772+00:00,INFO,ANPR_DETECTION,GJ11CH2,6,CAM-GJ-AHM-006,S.G. Highway CCTV Node #06,Ahmedabad,False,NEW,📷 ANPR Detection: GJ11CH2,"Detected at S.G. Highway CCTV Node #06 (23.0225, 72.5714). Watchlist Hit: False"
anpr-ingest-183408c8,2026-09-01 06:35:25.926595+00:00,INFO,ANPR_DETECTION,GJ11CH2,6,CAM-GJ-AHM-006,S.G. Highway CCTV Node #06,Ahmedabad,False,NEW,📷 ANPR Detection: GJ11CH2,"Detected at S.G. Highway CCTV Node #06 (23.0225, 72.5714). Watchlist Hit: False"
anpr-ingest-a1da67fe,2026-09-01 06:35:25.770482+00:00,INFO,ANPR_DETECTION,GJ11CH2,6,CAM-GJ-AHM-006,S.G. Highway CCTV Node #06,Ahmedabad,False,NEW,📷 ANPR Detection: GJ11CH2,"Detected at S.G. Highway CCTV Node #06 (23.0225, 72.5714). Watchlist Hit: False"
anpr-ingest-9014ba8c,2026-09-01 06:35:25.011197+00:00,INFO,ANPR_DETECTION,GJ11CH2,6,CAM-GJ-AHM-006,S.G. Highway CCTV Node #06,Ahmedabad,False,NEW,📷 ANPR Detection: GJ11CH2,"Detected at S.G. Highway CCTV Node #06 (23.0225, 72.5714). Watchlist Hit: False"
anpr-ingest-57f621d5,2026-09-01 06:35:24.889964+00:00,INFO,ANPR_DETECTION,GJ11CH2,6,CAM-GJ-AHM-006,S.G. Highway CCTV Node #06,Ahmedabad,False,NEW,📷 ANPR Detection: GJ11CH2,"Detected at S.G. Highway CCTV Node #06 (23.0225, 72.5714). Watchlist Hit: False"
anpr-ingest-6d37ec09,2026-09-01 06:35:21.785454+00:00,INFO,ANPR_DETECTION,GJ23P4700,6,CAM-GJ-AHM-006,S.G. Highway CCTV Node #06,Ahmedabad,False,NEW,📷 ANPR Detection: GJ23P4700,"Detected at S.G. Highway CCTV Node #06 (23.0225, 72.5714). Watchlist Hit: False"
anpr-ingest-a47e05f6,2026-09-01 06:35:21.782543+00:00,INFO,ANPR_DETECTION,GJ23P4700,6,CAM-GJ-AHM-006,S.G. Highway CCTV Node #06,Ahmedabad,False,NEW,📷 ANPR Detection: GJ23P4700,"Detected at S.G. Highway CCTV Node #06 (23.0225, 72.5714). Watchlist Hit: False"
anpr-ingest-4f457bfc,2026-09-01 06:35:21.781345+00:00,INFO,ANPR_DETECTION,GJ23P4700,6,CAM-GJ-AHM-006,S.G. Highway CCTV Node #06,Ahmedabad,False,NEW,📷 ANPR Detection: GJ23P4700,"Detected at S.G. Highway CCTV Node #06 (23.0225, 72.5714). Watchlist Hit: False"
anpr-ingest-15da2d9b,2026-09-01 06:35:21.780980+00:00,INFO,ANPR_DETECTION,GJ23P700,6,CAM-GJ-AHM-006,S.G. Highway CCTV Node #06,Ahmedabad,False,NEW,📷 ANPR Detection: GJ23P700,"Detected at S.G. Highway CCTV Node #06 (23.0225, 72.5714). Watchlist Hit: False"
anpr-ingest-834f6d17,2026-09-01 06:35:21.780708+00:00,INFO,ANPR_DETECTION,GJ23P4700,6,CAM-GJ-AHM-006,S.G. Highway CCTV Node #06,Ahmedabad,False,NEW,📷 ANPR Detection: GJ23P4700,"Detected at S.G. Highway CCTV Node #06 (23.0225, 72.5714). Watchlist Hit: False"
anpr-ingest-1d3f1c66,2026-09-01 06:35:21.779857+00:00,INFO,ANPR_DETECTION,GJ23PA700,6,CAM-GJ-AHM-006,S.G. Highway CCTV Node #06,Ahmedabad,False,NEW,📷 ANPR Detection: GJ23PA700,"Detected at S.G. Highway CCTV Node #06 (23.0225, 72.5714). Watchlist Hit: False"
anpr-ingest-779ee4a4,2026-09-01 06:35:21.716942+00:00,INFO,ANPR_DETECTION,GJ23P4700,6,CAM-GJ-AHM-006,S.G. Highway CCTV Node #06,Ahmedabad,False,NEW,📷 ANPR Detection: GJ23P4700,"Detected at S.G. Highway CCTV Node #06 (23.0225, 72.5714). Watchlist Hit: False"
anpr-ingest-b552aa28,2026-09-01 06:35:21.716928+00:00,INFO,ANPR_DETECTION,GJ23P4700,6,CAM-GJ-AHM-006,S.G. Highway CCTV Node #06,Ahmedabad,False,NEW,📷 ANPR Detection: GJ23P4700,"Detected at S.G. Highway CCTV Node #06 (23.0225, 72.5714). Watchlist Hit: False"
anpr-ingest-e8f95901,2026-09-01 06:35:21.237306+00:00,INFO,ANPR_DETECTION,GJ23P4700,6,CAM-GJ-AHM-006,S.G. Highway CCTV Node #06,Ahmedabad,False,NEW,📷 ANPR Detection: GJ23P4700,"Detected at S.G. Highway CCTV Node #06 (23.0225, 72.5714). Watchlist Hit: False"
anpr-ingest-7908ccb4,2026-09-01 06:35:20.981594+00:00,INFO,ANPR_DETECTION,GJ23P700,6,CAM-GJ-AHM-006,S.G. Highway CCTV Node #06,Ahmedabad,False,NEW,📷 ANPR Detection: GJ23P700,"Detected at S.G. Highway CCTV Node #06 (23.0225, 72.5714). Watchlist Hit: False"
anpr-ingest-fad362c0,2026-09-01 06:35:20.980808+00:00,INFO,ANPR_DETECTION,GJ23P4700,6,CAM-GJ-AHM-006,S.G. Highway CCTV Node #06,Ahmedabad,False,NEW,📷 ANPR Detection: GJ23P4700,"Detected at S.G. Highway CCTV Node #06 (23.0225, 72.5714). Watchlist Hit: False"
anpr-ingest-5970e675,2026-09-01 06:35:20.980557+00:00,INFO,ANPR_DETECTION,GJ23P4700,6,CAM-GJ-AHM-006,S.G. Highway CCTV Node #06,Ahmedabad,False,NEW,📷 ANPR Detection: GJ23P4700,"Detected at S.G. Highway CCTV Node #06 (23.0225, 72.5714). Watchlist Hit: False"
anpr-ingest-f1979e1d,2026-09-01 06:35:20.980018+00:00,INFO,ANPR_DETECTION,GJ23P4700,6,CAM-GJ-AHM-006,S.G. Highway CCTV Node #06,Ahmedabad,False,NEW,📷 ANPR Detection: GJ23P4700,"Detected at S.G. Highway CCTV Node #06 (23.0225, 72.5714). Watchlist Hit: False"
anpr-ingest-ae238a3e,2026-09-01 06:35:20.980007+00:00,INFO,ANPR_DETECTION,GJ23P700,6,CAM-GJ-AHM-006,S.G. Highway CCTV Node #06,Ahmedabad,False,NEW,📷 ANPR Detection: GJ23P700,"Detected at S.G. Highway CCTV Node #06 (23.0225, 72.5714). Watchlist Hit: False"
anpr-ingest-adf6ebe9,2026-09-01 06:35:20.976859+00:00,INFO,ANPR_DETECTION,GJ23P700,6,CAM-GJ-AHM-006,S.G. Highway CCTV Node #06,Ahmedabad,False,NEW,📷 ANPR Detection: GJ23P700,"Detected at S.G. Highway CCTV Node #06 (23.0225, 72.5714). Watchlist Hit: False"
anpr-ingest-1d39e33b,2026-09-01 06:35:20.971573+00:00,INFO,ANPR_DETECTION,GJ23P700,6,CAM-GJ-AHM-006,S.G. Highway CCTV Node #06,Ahmedabad,False,NEW,📷 ANPR Detection: GJ23P700,"Detected at S.G. Highway CCTV Node #06 (23.0225, 72.5714). Watchlist Hit: False"
anpr-ingest-1b30715a,2026-09-01 06:35:20.486113+00:00,INFO,ANPR_DETECTION,GJ23PA700,6,CAM-GJ-AHM-006,S.G. Highway CCTV Node #06,Ahmedabad,False,NEW,📷 ANPR Detection: GJ23PA700,"Detected at S.G. Highway CCTV Node #06 (23.0225, 72.5714). Watchlist Hit: False"
anpr-ingest-68950292,2026-09-01 06:35:20.268266+00:00,INFO,ANPR_DETECTION,GJ11GA059,6,CAM-GJ-AHM-006,S.G. Highway CCTV Node #06,Ahmedabad,False,NEW,📷 ANPR Detection: GJ11GA059,"Detected at S.G. Highway CCTV Node #06 (23.0225, 72.5714). Watchlist Hit: False"
anpr-ingest-502dd77e,2026-09-01 06:35:20.267890+00:00,INFO,ANPR_DETECTION,GJ11GA1059,6,CAM-GJ-AHM-006,S.G. Highway CCTV Node #06,Ahmedabad,False,NEW,📷 ANPR Detection: GJ11GA1059,"Detected at S.G. Highway CCTV Node #06 (23.0225, 72.5714). Watchlist Hit: False"
anpr-ingest-6d6833ca,2026-09-01 06:35:20.262035+00:00,INFO,ANPR_DETECTION,GJ11CH2,6,CAM-GJ-AHM-006,S.G. Highway CCTV Node #06,Ahmedabad,False,NEW,📷 ANPR Detection: GJ11CH2,"Detected at S.G. Highway CCTV Node #06 (23.0225, 72.5714). Watchlist Hit: False"
anpr-ingest-3e003e4b,2026-09-01 06:35:20.134745+00:00,INFO,ANPR_DETECTION,GJ11GA1059,6,CAM-GJ-AHM-006,S.G. Highway CCTV Node #06,Ahmedabad,False,NEW,📷 ANPR Detection: GJ11GA1059,"Detected at S.G. Highway CCTV Node #06 (23.0225, 72.5714). Watchlist Hit: False"
anpr-ingest-49cf5adc,2026-09-01 06:35:19.987539+00:00,INFO,ANPR_DETECTION,GJ11GA1059,6,CAM-GJ-AHM-006,S.G. Highway CCTV Node #06,Ahmedabad,False,NEW,📷 ANPR Detection: GJ11GA1059,"Detected at S.G. Highway CCTV Node #06 (23.0225, 72.5714). Watchlist Hit: False"
anpr-ingest-439f3b51,2026-09-01 06:35:19.887881+00:00,INFO,ANPR_DETECTION,GJ11GA1059,6,CAM-GJ-AHM-006,S.G. Highway CCTV Node #06,Ahmedabad,False,NEW,📷 ANPR Detection: GJ11GA1059,"Detected at S.G. Highway CCTV Node #06 (23.0225, 72.5714). Watchlist Hit: False"
anpr-ingest-7d3f0e57,2026-09-01 06:35:19.771728+00:00,INFO,ANPR_DETECTION,GJ11GA1059,6,CAM-GJ-AHM-006,S.G. Highway CCTV Node #06,Ahmedabad,False,NEW,📷 ANPR Detection: GJ11GA1059,"Detected at S.G. Highway CCTV Node #06 (23.0225, 72.5714). Watchlist Hit: False"
anpr-ingest-04cf6a23,2026-09-01 06:35:19.767783+00:00,INFO,ANPR_DETECTION,GJ11GA1059,6,CAM-GJ-AHM-006,S.G. Highway CCTV Node #06,Ahmedabad,False,NEW,📷 ANPR Detection: GJ11GA1059,"Detected at S.G. Highway CCTV Node #06 (23.0225, 72.5714). Watchlist Hit: False"
anpr-ingest-0a7b45fc,2026-09-01 06:35:19.613404+00:00,INFO,ANPR_DETECTION,GJ11GA1059,6,CAM-GJ-AHM-006,S.G. Highway CCTV Node #06,Ahmedabad,False,NEW,📷 ANPR Detection: GJ11GA1059,"Detected at S.G. Highway CCTV Node #06 (23.0225, 72.5714). Watchlist Hit: False"
anpr-ingest-d8d65e74,2026-09-01 06:35:19.612268+00:00,INFO,ANPR_DETECTION,GJ1GA1059,6,CAM-GJ-AHM-006,S.G. Highway CCTV Node #06,Ahmedabad,False,NEW,📷 ANPR Detection: GJ1GA1059,"Detected at S.G. Highway CCTV Node #06 (23.0225, 72.5714). Watchlist Hit: False"
anpr-ingest-3bfd32f8,2026-09-01 06:35:19.607489+00:00,INFO,ANPR_DETECTION,GJ11GA1059,6,CAM-GJ-AHM-006,S.G. Highway CCTV Node #06,Ahmedabad,False,NEW,📷 ANPR Detection: GJ11GA1059,"Detected at S.G. Highway CCTV Node #06 (23.0225, 72.5714). Watchlist Hit: False"
anpr-ingest-aa3f2de1,2026-09-01 06:35:19.607489+00:00,INFO,ANPR_DETECTION,GJ11CH2,6,CAM-GJ-AHM-006,S.G. Highway CCTV Node #06,Ahmedabad,False,NEW,📷 ANPR Detection: GJ11CH2,"Detected at S.G. Highway CCTV Node #06 (23.0225, 72.5714). Watchlist Hit: False"
anpr-ingest-dfad7dc7,2026-09-01 06:35:19.606110+00:00,INFO,ANPR_DETECTION,GJ17GA1059,6,CAM-GJ-AHM-006,S.G. Highway CCTV Node #06,Ahmedabad,False,NEW,📷 ANPR Detection: GJ17GA1059,"Detected at S.G. Highway CCTV Node #06 (23.0225, 72.5714). Watchlist Hit: False"
anpr-ingest-5ff2525f,2026-09-01 06:35:19.605617+00:00,INFO,ANPR_DETECTION,GJ11GA1059,6,CAM-GJ-AHM-006,S.G. Highway CCTV Node #06,Ahmedabad,False,NEW,📷 ANPR Detection: GJ11GA1059,"Detected at S.G. Highway CCTV Node #06 (23.0225, 72.5714). Watchlist Hit: False"
anpr-ingest-23f8c4a2,2026-09-01 06:35:19.605320+00:00,INFO,ANPR_DETECTION,GJ11GA1059,6,CAM-GJ-AHM-006,S.G. Highway CCTV Node #06,Ahmedabad,False,NEW,📷 ANPR Detection: GJ11GA1059,"Detected at S.G. Highway CCTV Node #06 (23.0225, 72.5714). Watchlist Hit: False"
anpr-ingest-ed7b2593,2026-09-01 06:35:19.128624+00:00,INFO,ANPR_DETECTION,GJ11GA1059,6,CAM-GJ-AHM-006,S.G. Highway CCTV Node #06,Ahmedabad,False,NEW,📷 ANPR Detection: GJ11GA1059,"Detected at S.G. Highway CCTV Node #06 (23.0225, 72.5714). Watchlist Hit: False"
anpr-ingest-c5465e69,2026-09-01 06:35:18.944384+00:00,INFO,ANPR_DETECTION,GJ11GA1059,6,CAM-GJ-AHM-006,S.G. Highway CCTV Node #06,Ahmedabad,False,NEW,📷 ANPR Detection: GJ11GA1059,"Detected at S.G. Highway CCTV Node #06 (23.0225, 72.5714). Watchlist Hit: False"
anpr-ingest-48664ce5,2026-09-01 06:35:18.868705+00:00,INFO,ANPR_DETECTION,GJ11GA1059,6,CAM-GJ-AHM-006,S.G. Highway CCTV Node #06,Ahmedabad,False,NEW,📷 ANPR Detection: GJ11GA1059,"Detected at S.G. Highway CCTV Node #06 (23.0225, 72.5714). Watchlist Hit: False"
anpr-ingest-0d17bebe,2026-09-01 06:35:18.818709+00:00,INFO,ANPR_DETECTION,GJ11GA1059,6,CAM-GJ-AHM-006,S.G. Highway CCTV Node #06,Ahmedabad,False,NEW,📷 ANPR Detection: GJ11GA1059,"Detected at S.G. Highway CCTV Node #06 (23.0225, 72.5714). Watchlist Hit: False"
anpr-ingest-3c514a8a,2026-09-01 06:35:18.698364+00:00,INFO,ANPR_DETECTION,GJ11GA1059,6,CAM-GJ-AHM-006,S.G. Highway CCTV Node #06,Ahmedabad,False,NEW,📷 ANPR Detection: GJ11GA1059,"Detected at S.G. Highway CCTV Node #06 (23.0225, 72.5714). Watchlist Hit: False"
anpr-ingest-4713225d,2026-09-01 06:35:18.413884+00:00,INFO,ANPR_DETECTION,GJ11GA1059,6,CAM-GJ-AHM-006,S.G. Highway CCTV Node #06,Ahmedabad,False,NEW,📷 ANPR Detection: GJ11GA1059,"Detected at S.G. Highway CCTV Node #06 (23.0225, 72.5714). Watchlist Hit: False"
anpr-ingest-671e88c7,2026-09-01 06:35:18.326462+00:00,INFO,ANPR_DETECTION,GJ11GA1059,6,CAM-GJ-AHM-006,S.G. Highway CCTV Node #06,Ahmedabad,False,NEW,📷 ANPR Detection: GJ11GA1059,"Detected at S.G. Highway CCTV Node #06 (23.0225, 72.5714). Watchlist Hit: False"
anpr-ingest-773eaff7,2026-09-01 06:35:18.134222+00:00,INFO,ANPR_DETECTION,GJ1GA1059,6,CAM-GJ-AHM-006,S.G. Highway CCTV Node #06,Ahmedabad,False,NEW,📷 ANPR Detection: GJ1GA1059,"Detected at S.G. Highway CCTV Node #06 (23.0225, 72.5714). Watchlist Hit: False"
anpr-ingest-5a9922b1,2026-09-01 06:35:16.863001+00:00,INFO,ANPR_DETECTION,GJ11CH2,6,CAM-GJ-AHM-006,S.G. Highway CCTV Node #06,Ahmedabad,False,NEW,📷 ANPR Detection: GJ11CH2,"Detected at S.G. Highway CCTV Node #06 (23.0225, 72.5714). Watchlist Hit: False"
anpr-ingest-1aaf3952,2026-09-01 06:35:16.861172+00:00,INFO,ANPR_DETECTION,GJ11CH2,6,CAM-GJ-AHM-006,S.G. Highway CCTV Node #06,Ahmedabad,False,NEW,📷 ANPR Detection: GJ11CH2,"Detected at S.G. Highway CCTV Node #06 (23.0225, 72.5714). Watchlist Hit: False"
anpr-ingest-870f9df8,2026-09-01 06:35:16.671167+00:00,INFO,ANPR_DETECTION,GJ11CH2,6,CAM-GJ-AHM-006,S.G. Highway CCTV Node #06,Ahmedabad,False,NEW,📷 ANPR Detection: GJ11CH2,"Detected at S.G. Highway CCTV Node #06 (23.0225, 72.5714). Watchlist Hit: False"
anpr-ingest-499ad1e3,2026-09-01 06:35:16.551660+00:00,INFO,ANPR_DETECTION,GJ11CH2,6,CAM-GJ-AHM-006,S.G. Highway CCTV Node #06,Ahmedabad,False,NEW,📷 ANPR Detection: GJ11CH2,"Detected at S.G. Highway CCTV Node #06 (23.0225, 72.5714). Watchlist Hit: False"
anpr-ingest-a4bf575c,2026-09-01 06:35:15.839966+00:00,INFO,ANPR_DETECTION,GJ11CH2,6,CAM-GJ-AHM-006,S.G. Highway CCTV Node #06,Ahmedabad,False,NEW,📷 ANPR Detection: GJ11CH2,"Detected at S.G. Highway CCTV Node #06 (23.0225, 72.5714). Watchlist Hit: False"
anpr-ingest-f239ab89,2026-09-01 06:35:09.627167+00:00,INFO,ANPR_DETECTION,GJ11CH2,6,CAM-GJ-AHM-006,S.G. Highway CCTV Node #06,Ahmedabad,False,NEW,📷 ANPR Detection: GJ11CH2,"Detected at S.G. Highway CCTV Node #06 (23.0225, 72.5714). Watchlist Hit: False"
anpr-ingest-9424da42,2026-09-01 06:35:09.410852+00:00,INFO,ANPR_DETECTION,GJ11CH2,6,CAM-GJ-AHM-006,S.G. Highway CCTV Node #06,Ahmedabad,False,NEW,📷 ANPR Detection: GJ11CH2,"Detected at S.G. Highway CCTV Node #06 (23.0225, 72.5714). Watchlist Hit: False"
anpr-ingest-2a55cb62,2026-09-01 06:35:08.522273+00:00,INFO,ANPR_DETECTION,GJ11CH2,6,CAM-GJ-AHM-006,S.G. Highway CCTV Node #06,Ahmedabad,False,NEW,📷 ANPR Detection: GJ11CH2,"Detected at S.G. Highway CCTV Node #06 (23.0225, 72.5714). Watchlist Hit: False"
anpr-ingest-2bccb65d,2026-09-01 06:35:07.279831+00:00,INFO,ANPR_DETECTION,GJ11CH2,6,CAM-GJ-AHM-006,S.G. Highway CCTV Node #06,Ahmedabad,False,NEW,📷 ANPR Detection: GJ11CH2,"Detected at S.G. Highway CCTV Node #06 (23.0225, 72.5714). Watchlist Hit: False"
anpr-ingest-be096d4e,2026-09-01 06:35:06.343066+00:00,INFO,ANPR_DETECTION,GJ11CH2,6,CAM-GJ-AHM-006,S.G. Highway CCTV Node #06,Ahmedabad,False,NEW,📷 ANPR Detection: GJ11CH2,"Detected at S.G. Highway CCTV Node #06 (23.0225, 72.5714). Watchlist Hit: False"
anpr-ingest-076816c5,2026-09-01 06:35:05.124217+00:00,INFO,ANPR_DETECTION,GJ11CH2,6,CAM-GJ-AHM-006,S.G. Highway CCTV Node #06,Ahmedabad,False,NEW,📷 ANPR Detection: GJ11CH2,"Detected at S.G. Highway CCTV Node #06 (23.0225, 72.5714). Watchlist Hit: False"
anpr-ingest-1e769355,2026-09-01 06:35:03.483442+00:00,INFO,ANPR_DETECTION,GJ11CH2,6,CAM-GJ-AHM-006,S.G. Highway CCTV Node #06,Ahmedabad,False,NEW,📷 ANPR Detection: GJ11CH2,"Detected at S.G. Highway CCTV Node #06 (23.0225, 72.5714). Watchlist Hit: False"
anpr-ingest-6ffe3869,2026-09-01 06:35:02.711092+00:00,INFO,ANPR_DETECTION,GJ11CH2,6,CAM-GJ-AHM-006,S.G. Highway CCTV Node #06,Ahmedabad,False,NEW,📷 ANPR Detection: GJ11CH2,"Detected at S.G. Highway CCTV Node #06 (23.0225, 72.5714). Watchlist Hit: False"
anpr-ingest-e3429eee,2026-09-01 06:34:59.246134+00:00,INFO,ANPR_DETECTION,GJ11CH2,6,CAM-GJ-AHM-006,S.G. Highway CCTV Node #06,Ahmedabad,False,NEW,📷 ANPR Detection: GJ11CH2,"Detected at S.G. Highway CCTV Node #06 (23.0225, 72.5714). Watchlist Hit: False"
anpr-ingest-a57bd13e,2026-09-01 06:34:59.090742+00:00,INFO,ANPR_DETECTION,GJ11CH2,6,CAM-GJ-AHM-006,S.G. Highway CCTV Node #06,Ahmedabad,False,NEW,📷 ANPR Detection: GJ11CH2,"Detected at S.G. Highway CCTV Node #06 (23.0225, 72.5714). Watchlist Hit: False"
anpr-ingest-3674a4b6,2026-09-01 06:34:58.771623+00:00,INFO,ANPR_DETECTION,GJ11CH2,6,CAM-GJ-AHM-006,S.G. Highway CCTV Node #06,Ahmedabad,False,NEW,📷 ANPR Detection: GJ11CH2,"Detected at S.G. Highway CCTV Node #06 (23.0225, 72.5714). Watchlist Hit: False"
anpr-ingest-65c7c2ab,2026-09-01 06:34:58.769607+00:00,INFO,ANPR_DETECTION,GJ11CH2,6,CAM-GJ-AHM-006,S.G. Highway CCTV Node #06,Ahmedabad,False,NEW,📷 ANPR Detection: GJ11CH2,"Detected at S.G. Highway CCTV Node #06 (23.0225, 72.5714). Watchlist Hit: False"
anpr-ingest-e8c6e704,2026-09-01 06:34:58.565375+00:00,INFO,ANPR_DETECTION,GJ11CH2,6,CAM-GJ-AHM-006,S.G. Highway CCTV Node #06,Ahmedabad,False,NEW,📷 ANPR Detection: GJ11CH2,"Detected at S.G. Highway CCTV Node #06 (23.0225, 72.5714). Watchlist Hit: False"
anpr-ingest-5479b7db,2026-09-01 06:34:58.113026+00:00,INFO,ANPR_DETECTION,GJ11CH2,6,CAM-GJ-AHM-006,S.G. Highway CCTV Node #06,Ahmedabad,False,NEW,📷 ANPR Detection: GJ11CH2,"Detected at S.G. Highway CCTV Node #06 (23.0225, 72.5714). Watchlist Hit: False"
anpr-ingest-e13ec78b,2026-09-01 06:34:58.001436+00:00,INFO,ANPR_DETECTION,GJ11CH2,6,CAM-GJ-AHM-006,S.G. Highway CCTV Node #06,Ahmedabad,False,NEW,📷 ANPR Detection: GJ11CH2,"Detected at S.G. Highway CCTV Node #06 (23.0225, 72.5714). Watchlist Hit: False"
anpr-ingest-810642b9,2026-09-01 06:34:57.864075+00:00,INFO,ANPR_DETECTION,GJ11CH2,6,CAM-GJ-AHM-006,S.G. Highway CCTV Node #06,Ahmedabad,False,NEW,📷 ANPR Detection: GJ11CH2,"Detected at S.G. Highway CCTV Node #06 (23.0225, 72.5714). Watchlist Hit: False"
anpr-ingest-b93ea398,2026-09-01 06:34:57.006055+00:00,INFO,ANPR_DETECTION,GJ11CH2,6,CAM-GJ-AHM-006,S.G. Highway CCTV Node #06,Ahmedabad,False,NEW,📷 ANPR Detection: GJ11CH2,"Detected at S.G. Highway CCTV Node #06 (23.0225, 72.5714). Watchlist Hit: False"
anpr-ingest-700f1d93,2026-09-01 06:34:56.898820+00:00,INFO,ANPR_DETECTION,GJ11CH2,6,CAM-GJ-AHM-006,S.G. Highway CCTV Node #06,Ahmedabad,False,NEW,📷 ANPR Detection: GJ11CH2,"Detected at S.G. Highway CCTV Node #06 (23.0225, 72.5714). Watchlist Hit: False"
anpr-ingest-bf9699ee,2026-09-01 06:34:56.246281+00:00,INFO,ANPR_DETECTION,GJ11CH2,6,CAM-GJ-AHM-006,S.G. Highway CCTV Node #06,Ahmedabad,False,NEW,📷 ANPR Detection: GJ11CH2,"Detected at S.G. Highway CCTV Node #06 (23.0225, 72.5714). Watchlist Hit: False"
anpr-ingest-2283d0ec,2026-09-01 06:34:55.975521+00:00,INFO,ANPR_DETECTION,GJ11CH2,6,CAM-GJ-AHM-006,S.G. Highway CCTV Node #06,Ahmedabad,False,NEW,📷 ANPR Detection: GJ11CH2,"Detected at S.G. Highway CCTV Node #06 (23.0225, 72.5714). Watchlist Hit: False"
anpr-ingest-4a0e10e0,2026-09-01 06:34:53.536069+00:00,INFO,ANPR_DETECTION,GJ11CH2,6,CAM-GJ-AHM-006,S.G. Highway CCTV Node #06,Ahmedabad,False,NEW,📷 ANPR Detection: GJ11CH2,"Detected at S.G. Highway CCTV Node #06 (23.0225, 72.5714). Watchlist Hit: False"
anpr-ingest-608e954e,2026-09-01 06:34:53.410993+00:00,INFO,ANPR_DETECTION,GJ11CH2,6,CAM-GJ-AHM-006,S.G. Highway CCTV Node #06,Ahmedabad,False,NEW,📷 ANPR Detection: GJ11CH2,"Detected at S.G. Highway CCTV Node #06 (23.0225, 72.5714). Watchlist Hit: False"
anpr-ingest-1dd8e6a0,2026-09-01 06:34:53.054784+00:00,INFO,ANPR_DETECTION,GJ11CH2,6,CAM-GJ-AHM-006,S.G. Highway CCTV Node #06,Ahmedabad,False,NEW,📷 ANPR Detection: GJ11CH2,"Detected at S.G. Highway CCTV Node #06 (23.0225, 72.5714). Watchlist Hit: False"
anpr-ingest-34e813a1,2026-09-01 06:34:52.944673+00:00,INFO,ANPR_DETECTION,GJ11CH2,6,CAM-GJ-AHM-006,S.G. Highway CCTV Node #06,Ahmedabad,False,NEW,📷 ANPR Detection: GJ11CH2,"Detected at S.G. Highway CCTV Node #06 (23.0225, 72.5714). Watchlist Hit: False"
anpr-ingest-b1d7792d,2026-09-01 06:34:51.910393+00:00,INFO,ANPR_DETECTION,GJ11CH2,6,CAM-GJ-AHM-006,S.G. Highway CCTV Node #06,Ahmedabad,False,NEW,📷 ANPR Detection: GJ11CH2,"Detected at S.G. Highway CCTV Node #06 (23.0225, 72.5714). Watchlist Hit: False"
anpr-ingest-f9945cad,2026-09-01 06:34:49.000455+00:00,INFO,ANPR_DETECTION,GJ11CH2,6,CAM-GJ-AHM-006,S.G. Highway CCTV Node #06,Ahmedabad,False,NEW,📷 ANPR Detection: GJ11CH2,"Detected at S.G. Highway CCTV Node #06 (23.0225, 72.5714). Watchlist Hit: False"
anpr-ingest-7227c107,2026-09-01 06:34:47.774456+00:00,INFO,ANPR_DETECTION,GJ11CM2,6,CAM-GJ-AHM-006,S.G. Highway CCTV Node #06,Ahmedabad,False,NEW,📷 ANPR Detection: GJ11CM2,"Detected at S.G. Highway CCTV Node #06 (23.0225, 72.5714). Watchlist Hit: False"
anpr-ingest-a2ccbb19,2026-09-01 06:34:46.745663+00:00,INFO,ANPR_DETECTION,GJ11CH2,6,CAM-GJ-AHM-006,S.G. Highway CCTV Node #06,Ahmedabad,False,NEW,📷 ANPR Detection: GJ11CH2,"Detected at S.G. Highway CCTV Node #06 (23.0225, 72.5714). Watchlist Hit: False"
anpr-ingest-b0ce97a2,2026-09-01 06:34:46.577975+00:00,INFO,ANPR_DETECTION,GJ11CM2,6,CAM-GJ-AHM-006,S.G. Highway CCTV Node #06,Ahmedabad,False,NEW,📷 ANPR Detection: GJ11CM2,"Detected at S.G. Highway CCTV Node #06 (23.0225, 72.5714). Watchlist Hit: False"
anpr-ingest-561a0b43,2026-09-01 06:34:46.233018+00:00,INFO,ANPR_DETECTION,GJ18EF0087,6,CAM-GJ-AHM-006,S.G. Highway CCTV Node #06,Ahmedabad,False,NEW,📷 ANPR Detection: GJ18EF0087,"Detected at S.G. Highway CCTV Node #06 (23.0225, 72.5714). Watchlist Hit: False"
anpr-ingest-51d0e066,2026-09-01 06:34:46.231702+00:00,INFO,ANPR_DETECTION,GJ18EF0087,6,CAM-GJ-AHM-006,S.G. Highway CCTV Node #06,Ahmedabad,False,NEW,📷 ANPR Detection: GJ18EF0087,"Detected at S.G. Highway CCTV Node #06 (23.0225, 72.5714). Watchlist Hit: False"
anpr-ingest-bfb13d63,2026-09-01 06:34:46.114536+00:00,INFO,ANPR_DETECTION,GJ18EF0087,6,CAM-GJ-AHM-006,S.G. Highway CCTV Node #06,Ahmedabad,False,NEW,📷 ANPR Detection: GJ18EF0087,"Detected at S.G. Highway CCTV Node #06 (23.0225, 72.5714). Watchlist Hit: False"
anpr-ingest-c3a0ce4e,2026-09-01 06:34:46.105441+00:00,INFO,ANPR_DETECTION,GJ1BEF0087,6,CAM-GJ-AHM-006,S.G. Highway CCTV Node #06,Ahmedabad,False,NEW,📷 ANPR Detection: GJ1BEF0087,"Detected at S.G. Highway CCTV Node #06 (23.0225, 72.5714). Watchlist Hit: False"
anpr-ingest-4a1e56f3,2026-09-01 06:34:46.042363+00:00,INFO,ANPR_DETECTION,GJ18EF0087,6,CAM-GJ-AHM-006,S.G. Highway CCTV Node #06,Ahmedabad,False,NEW,📷 ANPR Detection: GJ18EF0087,"Detected at S.G. Highway CCTV Node #06 (23.0225, 72.5714). Watchlist Hit: False"
anpr-ingest-eebb975a,2026-09-01 06:34:45.981388+00:00,INFO,ANPR_DETECTION,GJ11CH2,6,CAM-GJ-AHM-006,S.G. Highway CCTV Node #06,Ahmedabad,False,NEW,📷 ANPR Detection: GJ11CH2,"Detected at S.G. Highway CCTV Node #06 (23.0225, 72.5714). Watchlist Hit: False"
anpr-ingest-b1579410,2026-09-01 06:34:45.855936+00:00,INFO,ANPR_DETECTION,GJ18EF0087,6,CAM-GJ-AHM-006,S.G. Highway CCTV Node #06,Ahmedabad,False,NEW,📷 ANPR Detection: GJ18EF0087,"Detected at S.G. Highway CCTV Node #06 (23.0225, 72.5714). Watchlist Hit: False"
anpr-ingest-3b4f8fc5,2026-09-01 06:34:45.727631+00:00,INFO,ANPR_DETECTION,GJ1BEF0087,6,CAM-GJ-AHM-006,S.G. Highway CCTV Node #06,Ahmedabad,False,NEW,📷 ANPR Detection: GJ1BEF0087,"Detected at S.G. Highway CCTV Node #06 (23.0225, 72.5714). Watchlist Hit: False"
anpr-ingest-e910747d,2026-09-01 06:34:45.630634+00:00,INFO,ANPR_DETECTION,GJ18EF0087,6,CAM-GJ-AHM-006,S.G. Highway CCTV Node #06,Ahmedabad,False,NEW,📷 ANPR Detection: GJ18EF0087,"Detected at S.G. Highway CCTV Node #06 (23.0225, 72.5714). Watchlist Hit: False"
anpr-ingest-6a7985f2,2026-09-01 06:34:45.441483+00:00,INFO,ANPR_DETECTION,GJ11CH2,6,CAM-GJ-AHM-006,S.G. Highway CCTV Node #06,Ahmedabad,False,NEW,📷 ANPR Detection: GJ11CH2,"Detected at S.G. Highway CCTV Node #06 (23.0225, 72.5714). Watchlist Hit: False"
anpr-ingest-15285a63,2026-09-01 06:34:45.313158+00:00,INFO,ANPR_DETECTION,GJ11CH2,6,CAM-GJ-AHM-006,S.G. Highway CCTV Node #06,Ahmedabad,False,NEW,📷 ANPR Detection: GJ11CH2,"Detected at S.G. Highway CCTV Node #06 (23.0225, 72.5714). Watchlist Hit: False"
anpr-ingest-4ddf49f8,2026-09-01 06:34:45.146731+00:00,INFO,ANPR_DETECTION,GJ18EF0087,6,CAM-GJ-AHM-006,S.G. Highway CCTV Node #06,Ahmedabad,False,NEW,📷 ANPR Detection: GJ18EF0087,"Detected at S.G. Highway CCTV Node #06 (23.0225, 72.5714). Watchlist Hit: False"
anpr-ingest-8c39b79e,2026-09-01 06:34:44.998398+00:00,INFO,ANPR_DETECTION,GJ11CM2,6,CAM-GJ-AHM-006,S.G. Highway CCTV Node #06,Ahmedabad,False,NEW,📷 ANPR Detection: GJ11CM2,"Detected at S.G. Highway CCTV Node #06 (23.0225, 72.5714). Watchlist Hit: False"
anpr-ingest-0f759955,2026-09-01 06:34:44.826560+00:00,INFO,ANPR_DETECTION,GJ18EF0087,6,CAM-GJ-AHM-006,S.G. Highway CCTV Node #06,Ahmedabad,False,NEW,📷 ANPR Detection: GJ18EF0087,"Detected at S.G. Highway CCTV Node #06 (23.0225, 72.5714). Watchlist Hit: False"
anpr-ingest-d42da33d,2026-09-01 06:34:44.628687+00:00,INFO,ANPR_DETECTION,GJ17CH2,6,CAM-GJ-AHM-006,S.G. Highway CCTV Node #06,Ahmedabad,False,NEW,📷 ANPR Detection: GJ17CH2,"Detected at S.G. Highway CCTV Node #06 (23.0225, 72.5714). Watchlist Hit: False"
anpr-ingest-540bad5b,2026-09-01 06:34:44.626644+00:00,INFO,ANPR_DETECTION,GJ18EF0087,6,CAM-GJ-AHM-006,S.G. Highway CCTV Node #06,Ahmedabad,False,NEW,📷 ANPR Detection: GJ18EF0087,"Detected at S.G. Highway CCTV Node #06 (23.0225, 72.5714). Watchlist Hit: False"
anpr-ingest-6c624c6f,2026-09-01 06:34:44.428052+00:00,INFO,ANPR_DETECTION,GJ11CH2,6,CAM-GJ-AHM-006,S.G. Highway CCTV Node #06,Ahmedabad,False,NEW,📷 ANPR Detection: GJ11CH2,"Detected at S.G. Highway CCTV Node #06 (23.0225, 72.5714). Watchlist Hit: False"
anpr-ingest-1531b994,2026-09-01 06:34:44.153909+00:00,INFO,ANPR_DETECTION,GJ18EFD087,6,CAM-GJ-AHM-006,S.G. Highway CCTV Node #06,Ahmedabad,False,NEW,📷 ANPR Detection: GJ18EFD087,"Detected at S.G. Highway CCTV Node #06 (23.0225, 72.5714). Watchlist Hit: False"
anpr-ingest-93f98fc2,2026-09-01 06:34:44.050497+00:00,INFO,ANPR_DETECTION,GJ18EF0087,6,CAM-GJ-AHM-006,S.G. Highway CCTV Node #06,Ahmedabad,False,NEW,📷 ANPR Detection: GJ18EF0087,"Detected at S.G. Highway CCTV Node #06 (23.0225, 72.5714). Watchlist Hit: False"
anpr-ingest-c4e3571d,2026-09-01 06:34:42.254986+00:00,INFO,ANPR_DETECTION,GJ11CH2,6,CAM-GJ-AHM-006,S.G. Highway CCTV Node #06,Ahmedabad,False,NEW,📷 ANPR Detection: GJ11CH2,"Detected at S.G. Highway CCTV Node #06 (23.0225, 72.5714). Watchlist Hit: False"
anpr-ingest-dd428ced,2026-09-01 06:34:41.642895+00:00,INFO,ANPR_DETECTION,GJ11CH2,6,CAM-GJ-AHM-006,S.G. Highway CCTV Node #06,Ahmedabad,False,NEW,📷 ANPR Detection: GJ11CH2,"Detected at S.G. Highway CCTV Node #06 (23.0225, 72.5714). Watchlist Hit: False"
anpr-ingest-19526d3e,2026-09-01 06:34:40.656017+00:00,INFO,ANPR_DETECTION,GJ11CH2,6,CAM-GJ-AHM-006,S.G. Highway CCTV Node #06,Ahmedabad,False,NEW,📷 ANPR Detection: GJ11CH2,"Detected at S.G. Highway CCTV Node #06 (23.0225, 72.5714). Watchlist Hit: False"
anpr-ingest-daf4fddd,2026-09-01 06:34:38.926912+00:00,INFO,ANPR_DETECTION,GJ11CH2,6,CAM-GJ-AHM-006,S.G. Highway CCTV Node #06,Ahmedabad,False,NEW,📷 ANPR Detection: GJ11CH2,"Detected at S.G. Highway CCTV Node #06 (23.0225, 72.5714). Watchlist Hit: False"
anpr-ingest-03a6e189,2026-09-01 06:34:37.603110+00:00,INFO,ANPR_DETECTION,GJ11CH2,6,CAM-GJ-AHM-006,S.G. Highway CCTV Node #06,Ahmedabad,False,NEW,📷 ANPR Detection: GJ11CH2,"Detected at S.G. Highway CCTV Node #06 (23.0225, 72.5714). Watchlist Hit: False"
anpr-ingest-640fcb19,2026-09-01 06:34:37.428895+00:00,INFO,ANPR_DETECTION,GJ11CH2,6,CAM-GJ-AHM-006,S.G. Highway CCTV Node #06,Ahmedabad,False,NEW,📷 ANPR Detection: GJ11CH2,"Detected at S.G. Highway CCTV Node #06 (23.0225, 72.5714). Watchlist Hit: False"
anpr-ingest-a2c29a50,2026-09-01 06:34:37.409607+00:00,INFO,ANPR_DETECTION,GJ71CH2,6,CAM-GJ-AHM-006,S.G. Highway CCTV Node #06,Ahmedabad,False,NEW,📷 ANPR Detection: GJ71CH2,"Detected at S.G. Highway CCTV Node #06 (23.0225, 72.5714). Watchlist Hit: False"
anpr-ingest-4b40af1c,2026-09-01 06:34:37.231564+00:00,INFO,ANPR_DETECTION,GJ1TCL3621,6,CAM-GJ-AHM-006,S.G. Highway CCTV Node #06,Ahmedabad,False,NEW,📷 ANPR Detection: GJ1TCL3621,"Detected at S.G. Highway CCTV Node #06 (23.0225, 72.5714). Watchlist Hit: False"
anpr-ingest-cb182328,2026-09-01 06:34:37.053655+00:00,INFO,ANPR_DETECTION,GJ11CL3621,6,CAM-GJ-AHM-006,S.G. Highway CCTV Node #06,Ahmedabad,False,NEW,📷 ANPR Detection: GJ11CL3621,"Detected at S.G. Highway CCTV Node #06 (23.0225, 72.5714). Watchlist Hit: False"
anpr-ingest-6b63bfa6,2026-09-01 06:34:37.041514+00:00,INFO,ANPR_DETECTION,GJ11CL3621,6,CAM-GJ-AHM-006,S.G. Highway CCTV Node #06,Ahmedabad,False,NEW,📷 ANPR Detection: GJ11CL3621,"Detected at S.G. Highway CCTV Node #06 (23.0225, 72.5714). Watchlist Hit: False"
anpr-ingest-3850d15e,2026-09-01 06:34:36.886829+00:00,INFO,ANPR_DETECTION,GJ17CL3621,6,CAM-GJ-AHM-006,S.G. Highway CCTV Node #06,Ahmedabad,False,NEW,📷 ANPR Detection: GJ17CL3621,"Detected at S.G. Highway CCTV Node #06 (23.0225, 72.5714). Watchlist Hit: False"
anpr-ingest-d55843bf,2026-09-01 06:34:36.885871+00:00,INFO,ANPR_DETECTION,GJ11CL3621,6,CAM-GJ-AHM-006,S.G. Highway CCTV Node #06,Ahmedabad,False,NEW,📷 ANPR Detection: GJ11CL3621,"Detected at S.G. Highway CCTV Node #06 (23.0225, 72.5714). Watchlist Hit: False"
anpr-ingest-36d419a2,2026-09-01 06:34:36.884998+00:00,INFO,ANPR_DETECTION,GJ11CL3621,6,CAM-GJ-AHM-006,S.G. Highway CCTV Node #06,Ahmedabad,False,NEW,📷 ANPR Detection: GJ11CL3621,"Detected at S.G. Highway CCTV Node #06 (23.0225, 72.5714). Watchlist Hit: False"
anpr-ingest-0de908d5,2026-09-01 06:34:36.533447+00:00,INFO,ANPR_DETECTION,GJ11CL3621,6,CAM-GJ-AHM-006,S.G. Highway CCTV Node #06,Ahmedabad,False,NEW,📷 ANPR Detection: GJ11CL3621,"Detected at S.G. Highway CCTV Node #06 (23.0225, 72.5714). Watchlist Hit: False"
anpr-ingest-737e713f,2026-09-01 06:34:36.448339+00:00,INFO,ANPR_DETECTION,GJ11CL3621,6,CAM-GJ-AHM-006,S.G. Highway CCTV Node #06,Ahmedabad,False,NEW,📷 ANPR Detection: GJ11CL3621,"Detected at S.G. Highway CCTV Node #06 (23.0225, 72.5714). Watchlist Hit: False"
anpr-ingest-15709dc6,2026-09-01 06:34:36.441869+00:00,INFO,ANPR_DETECTION,GJ1CL3621,6,CAM-GJ-AHM-006,S.G. Highway CCTV Node #06,Ahmedabad,False,NEW,📷 ANPR Detection: GJ1CL3621,"Detected at S.G. Highway CCTV Node #06 (23.0225, 72.5714). Watchlist Hit: False"
anpr-ingest-6ad783ec,2026-09-01 06:34:36.441143+00:00,INFO,ANPR_DETECTION,GJ11CL3621,6,CAM-GJ-AHM-006,S.G. Highway CCTV Node #06,Ahmedabad,False,NEW,📷 ANPR Detection: GJ11CL3621,"Detected at S.G. Highway CCTV Node #06 (23.0225, 72.5714). Watchlist Hit: False"
anpr-ingest-07849a8b,2026-09-01 06:34:36.435101+00:00,INFO,ANPR_DETECTION,GJ11CL3621,6,CAM-GJ-AHM-006,S.G. Highway CCTV Node #06,Ahmedabad,False,NEW,📷 ANPR Detection: GJ11CL3621,"Detected at S.G. Highway CCTV Node #06 (23.0225, 72.5714). Watchlist Hit: False"
anpr-ingest-735dcf42,2026-09-01 06:34:36.165265+00:00,INFO,ANPR_DETECTION,GJ11CL3621,6,CAM-GJ-AHM-006,S.G. Highway CCTV Node #06,Ahmedabad,False,NEW,📷 ANPR Detection: GJ11CL3621,"Detected at S.G. Highway CCTV Node #06 (23.0225, 72.5714). Watchlist Hit: False"
anpr-ingest-c3e425fa,2026-09-01 06:34:35.970093+00:00,INFO,ANPR_DETECTION,GJ11CL3621,6,CAM-GJ-AHM-006,S.G. Highway CCTV Node #06,Ahmedabad,False,NEW,📷 ANPR Detection: GJ11CL3621,"Detected at S.G. Highway CCTV Node #06 (23.0225, 72.5714). Watchlist Hit: False"
anpr-ingest-4c5eb50c,2026-09-01 06:34:35.965564+00:00,INFO,ANPR_DETECTION,GJ11CL3621,6,CAM-GJ-AHM-006,S.G. Highway CCTV Node #06,Ahmedabad,False,NEW,📷 ANPR Detection: GJ11CL3621,"Detected at S.G. Highway CCTV Node #06 (23.0225, 72.5714). Watchlist Hit: False"
anpr-ingest-e17e4f1d,2026-09-01 06:34:35.812548+00:00,INFO,ANPR_DETECTION,GJ11CL3621,6,CAM-GJ-AHM-006,S.G. Highway CCTV Node #06,Ahmedabad,False,NEW,📷 ANPR Detection: GJ11CL3621,"Detected at S.G. Highway CCTV Node #06 (23.0225, 72.5714). Watchlist Hit: False"
anpr-ingest-165c7ffa,2026-09-01 06:34:35.720932+00:00,INFO,ANPR_DETECTION,GJ11CL3621,6,CAM-GJ-AHM-006,S.G. Highway CCTV Node #06,Ahmedabad,False,NEW,📷 ANPR Detection: GJ11CL3621,"Detected at S.G. Highway CCTV Node #06 (23.0225, 72.5714). Watchlist Hit: False"
anpr-ingest-b5eed4f7,2026-09-01 06:34:35.715613+00:00,INFO,ANPR_DETECTION,GJ11CL3621,6,CAM-GJ-AHM-006,S.G. Highway CCTV Node #06,Ahmedabad,False,NEW,📷 ANPR Detection: GJ11CL3621,"Detected at S.G. Highway CCTV Node #06 (23.0225, 72.5714). Watchlist Hit: False"
anpr-ingest-edef94e7,2026-09-01 06:34:35.570983+00:00,INFO,ANPR_DETECTION,GJ11CL3621,6,CAM-GJ-AHM-006,S.G. Highway CCTV Node #06,Ahmedabad,False,NEW,📷 ANPR Detection: GJ11CL3621,"Detected at S.G. Highway CCTV Node #06 (23.0225, 72.5714). Watchlist Hit: False"
anpr-ingest-48623fb7,2026-09-01 06:34:35.496555+00:00,INFO,ANPR_DETECTION,GJ11CL3621,6,CAM-GJ-AHM-006,S.G. Highway CCTV Node #06,Ahmedabad,False,NEW,📷 ANPR Detection: GJ11CL3621,"Detected at S.G. Highway CCTV Node #06 (23.0225, 72.5714). Watchlist Hit: False"
anpr-ingest-ca758fb6,2026-09-01 06:34:35.417569+00:00,INFO,ANPR_DETECTION,GJ11CL3621,6,CAM-GJ-AHM-006,S.G. Highway CCTV Node #06,Ahmedabad,False,NEW,📷 ANPR Detection: GJ11CL3621,"Detected at S.G. Highway CCTV Node #06 (23.0225, 72.5714). Watchlist Hit: False"
anpr-ingest-ee12dc70,2026-09-01 06:34:35.415660+00:00,INFO,ANPR_DETECTION,GJ11CL3621,6,CAM-GJ-AHM-006,S.G. Highway CCTV Node #06,Ahmedabad,False,NEW,📷 ANPR Detection: GJ11CL3621,"Detected at S.G. Highway CCTV Node #06 (23.0225, 72.5714). Watchlist Hit: False"
anpr-ingest-1c9eea93,2026-09-01 06:34:35.211637+00:00,INFO,ANPR_DETECTION,GJ1TCL3621,6,CAM-GJ-AHM-006,S.G. Highway CCTV Node #06,Ahmedabad,False,NEW,📷 ANPR Detection: GJ1TCL3621,"Detected at S.G. Highway CCTV Node #06 (23.0225, 72.5714). Watchlist Hit: False"
anpr-ingest-6f49acbf,2026-09-01 06:34:35.083501+00:00,INFO,ANPR_DETECTION,GJ1TCL3621,6,CAM-GJ-AHM-006,S.G. Highway CCTV Node #06,Ahmedabad,False,NEW,📷 ANPR Detection: GJ1TCL3621,"Detected at S.G. Highway CCTV Node #06 (23.0225, 72.5714). Watchlist Hit: False"
anpr-ingest-ec8efc00,2026-09-01 06:34:29.246054+00:00,INFO,ANPR_DETECTION,GJ11CH2,6,CAM-GJ-AHM-006,S.G. Highway CCTV Node #06,Ahmedabad,False,NEW,📷 ANPR Detection: GJ11CH2,"Detected at S.G. Highway CCTV Node #06 (23.0225, 72.5714). Watchlist Hit: False"
anpr-ingest-2a6423a3,2026-09-01 06:34:27.270920+00:00,INFO,ANPR_DETECTION,GJ11CH2,6,CAM-GJ-AHM-006,S.G. Highway CCTV Node #06,Ahmedabad,False,NEW,📷 ANPR Detection: GJ11CH2,"Detected at S.G. Highway CCTV Node #06 (23.0225, 72.5714). Watchlist Hit: False"
anpr-ingest-e18824c4,2026-09-01 06:34:25.398140+00:00,INFO,ANPR_DETECTION,GJ17CM2,6,CAM-GJ-AHM-006,S.G. Highway CCTV Node #06,Ahmedabad,False,NEW,📷 ANPR Detection: GJ17CM2,"Detected at S.G. Highway CCTV Node #06 (23.0225, 72.5714). Watchlist Hit: False"
anpr-ingest-753b6684,2026-09-01 06:34:25.208821+00:00,INFO,ANPR_DETECTION,GJ11CH2,6,CAM-GJ-AHM-006,S.G. Highway CCTV Node #06,Ahmedabad,False,NEW,📷 ANPR Detection: GJ11CH2,"Detected at S.G. Highway CCTV Node #06 (23.0225, 72.5714). Watchlist Hit: False"
anpr-ingest-44ff26ab,2026-09-01 06:34:25.068932+00:00,INFO,ANPR_DETECTION,GJ11CH2,6,CAM-GJ-AHM-006,S.G. Highway CCTV Node #06,Ahmedabad,False,NEW,📷 ANPR Detection: GJ11CH2,"Detected at S.G. Highway CCTV Node #06 (23.0225, 72.5714). Watchlist Hit: False"
anpr-ingest-c0bef4bf,2026-09-01 06:34:24.548263+00:00,INFO,ANPR_DETECTION,GJ1DB2894,6,CAM-GJ-AHM-006,S.G. Highway CCTV Node #06,Ahmedabad,False,NEW,📷 ANPR Detection: GJ1DB2894,"Detected at S.G. Highway CCTV Node #06 (23.0225, 72.5714). Watchlist Hit: False"
anpr-ingest-46e9543a,2026-09-01 06:34:24.544305+00:00,INFO,ANPR_DETECTION,GJ11DB2894,6,CAM-GJ-AHM-006,S.G. Highway CCTV Node #06,Ahmedabad,False,NEW,📷 ANPR Detection: GJ11DB2894,"Detected at S.G. Highway CCTV Node #06 (23.0225, 72.5714). Watchlist Hit: False"
anpr-ingest-6f4ab74d,2026-09-01 06:34:24.388549+00:00,INFO,ANPR_DETECTION,GJ11CH2,6,CAM-GJ-AHM-006,S.G. Highway CCTV Node #06,Ahmedabad,False,NEW,📷 ANPR Detection: GJ11CH2,"Detected at S.G. Highway CCTV Node #06 (23.0225, 72.5714). Watchlist Hit: False"
anpr-ingest-7b9292e1,2026-09-01 06:34:24.242276+00:00,INFO,ANPR_DETECTION,GJ11DB2894,6,CAM-GJ-AHM-006,S.G. Highway CCTV Node #06,Ahmedabad,False,NEW,📷 ANPR Detection: GJ11DB2894,"Detected at S.G. Highway CCTV Node #06 (23.0225, 72.5714). Watchlist Hit: False"
anpr-ingest-7502eff2,2026-09-01 06:34:24.241364+00:00,INFO,ANPR_DETECTION,GJ11DB2894,6,CAM-GJ-AHM-006,S.G. Highway CCTV Node #06,Ahmedabad,False,NEW,📷 ANPR Detection: GJ11DB2894,"Detected at S.G. Highway CCTV Node #06 (23.0225, 72.5714). Watchlist Hit: False"
anpr-ingest-d6681796,2026-09-01 06:34:24.025872+00:00,INFO,ANPR_DETECTION,GJ11DB2894,6,CAM-GJ-AHM-006,S.G. Highway CCTV Node #06,Ahmedabad,False,NEW,📷 ANPR Detection: GJ11DB2894,"Detected at S.G. Highway CCTV Node #06 (23.0225, 72.5714). Watchlist Hit: False"
anpr-ingest-dc9807e1,2026-09-01 06:34:24.016994+00:00,INFO,ANPR_DETECTION,GJ11DB2894,6,CAM-GJ-AHM-006,S.G. Highway CCTV Node #06,Ahmedabad,False,NEW,📷 ANPR Detection: GJ11DB2894,"Detected at S.G. Highway CCTV Node #06 (23.0225, 72.5714). Watchlist Hit: False"
anpr-ingest-f6d5006a,2026-09-01 06:34:23.828079+00:00,INFO,ANPR_DETECTION,GJ11DB2891,6,CAM-GJ-AHM-006,S.G. Highway CCTV Node #06,Ahmedabad,False,NEW,📷 ANPR Detection: GJ11DB2891,"Detected at S.G. Highway CCTV Node #06 (23.0225, 72.5714). Watchlist Hit: False"
anpr-ingest-abdf2066,2026-09-01 06:34:23.747051+00:00,INFO,ANPR_DETECTION,GJ11CH2,6,CAM-GJ-AHM-006,S.G. Highway CCTV Node #06,Ahmedabad,False,NEW,📷 ANPR Detection: GJ11CH2,"Detected at S.G. Highway CCTV Node #06 (23.0225, 72.5714). Watchlist Hit: False"
anpr-ingest-fa3039bc,2026-09-01 06:34:23.744458+00:00,INFO,ANPR_DETECTION,GJ11DB2894,6,CAM-GJ-AHM-006,S.G. Highway CCTV Node #06,Ahmedabad,False,NEW,📷 ANPR Detection: GJ11DB2894,"Detected at S.G. Highway CCTV Node #06 (23.0225, 72.5714). Watchlist Hit: False"
anpr-ingest-57b03b56,2026-09-01 06:34:23.502230+00:00,INFO,ANPR_DETECTION,GJ11CH2,6,CAM-GJ-AHM-006,S.G. Highway CCTV Node #06,Ahmedabad,False,NEW,📷 ANPR Detection: GJ11CH2,"Detected at S.G. Highway CCTV Node #06 (23.0225, 72.5714). Watchlist Hit: False"
anpr-ingest-67048540,2026-09-01 06:34:22.038917+00:00,INFO,ANPR_DETECTION,GJ11CH2,6,CAM-GJ-AHM-006,S.G. Highway CCTV Node #06,Ahmedabad,False,NEW,📷 ANPR Detection: GJ11CH2,"Detected at S.G. Highway CCTV Node #06 (23.0225, 72.5714). Watchlist Hit: False"
anpr-ingest-e46fa987,2026-09-01 06:34:21.880564+00:00,INFO,ANPR_DETECTION,GJ11CH2,6,CAM-GJ-AHM-006,S.G. Highway CCTV Node #06,Ahmedabad,False,NEW,📷 ANPR Detection: GJ11CH2,"Detected at S.G. Highway CCTV Node #06 (23.0225, 72.5714). Watchlist Hit: False"
anpr-ingest-9ba321a5,2026-09-01 06:34:21.803425+00:00,INFO,ANPR_DETECTION,GJ11CH2,6,CAM-GJ-AHM-006,S.G. Highway CCTV Node #06,Ahmedabad,False,NEW,📷 ANPR Detection: GJ11CH2,"Detected at S.G. Highway CCTV Node #06 (23.0225, 72.5714). Watchlist Hit: False"
anpr-ingest-60edd686,2026-09-01 06:34:21.729354+00:00,INFO,ANPR_DETECTION,GJ11CH2,6,CAM-GJ-AHM-006,S.G. Highway CCTV Node #06,Ahmedabad,False,NEW,📷 ANPR Detection: GJ11CH2,"Detected at S.G. Highway CCTV Node #06 (23.0225, 72.5714). Watchlist Hit: False"
anpr-ingest-5b399f99,2026-09-01 06:34:21.566981+00:00,INFO,ANPR_DETECTION,GJ11CM2,6,CAM-GJ-AHM-006,S.G. Highway CCTV Node #06,Ahmedabad,False,NEW,📷 ANPR Detection: GJ11CM2,"Detected at S.G. Highway CCTV Node #06 (23.0225, 72.5714). Watchlist Hit: False"
anpr-ingest-e56fd7e8,2026-09-01 06:34:18.538996+00:00,INFO,ANPR_DETECTION,GJ11CH2,6,CAM-GJ-AHM-006,S.G. Highway CCTV Node #06,Ahmedabad,False,NEW,📷 ANPR Detection: GJ11CH2,"Detected at S.G. Highway CCTV Node #06 (23.0225, 72.5714). Watchlist Hit: False"
anpr-ingest-b88c8c73,2026-09-01 06:34:18.446082+00:00,INFO,ANPR_DETECTION,GJ11CH2,6,CAM-GJ-AHM-006,S.G. Highway CCTV Node #06,Ahmedabad,False,NEW,📷 ANPR Detection: GJ11CH2,"Detected at S.G. Highway CCTV Node #06 (23.0225, 72.5714). Watchlist Hit: False"
anpr-ingest-6020e747,2026-09-01 06:34:17.254562+00:00,INFO,ANPR_DETECTION,GJ11CH2,6,CAM-GJ-AHM-006,S.G. Highway CCTV Node #06,Ahmedabad,False,NEW,📷 ANPR Detection: GJ11CH2,"Detected at S.G. Highway CCTV Node #06 (23.0225, 72.5714). Watchlist Hit: False"
anpr-ingest-4dc72280,2026-09-01 06:34:15.683172+00:00,INFO,ANPR_DETECTION,GJ11CH2,6,CAM-GJ-AHM-006,S.G. Highway CCTV Node #06,Ahmedabad,False,NEW,📷 ANPR Detection: GJ11CH2,"Detected at S.G. Highway CCTV Node #06 (23.0225, 72.5714). Watchlist Hit: False"
anpr-ingest-f2c9ad2e,2026-09-01 06:34:07.316305+00:00,INFO,ANPR_DETECTION,GJ25J7838,6,CAM-GJ-AHM-006,S.G. Highway CCTV Node #06,Ahmedabad,False,NEW,📷 ANPR Detection: GJ25J7838,"Detected at S.G. Highway CCTV Node #06 (23.0225, 72.5714). Watchlist Hit: False"
anpr-ingest-0feb7240,2026-09-01 06:34:07.239301+00:00,INFO,ANPR_DETECTION,GJ25J7838,6,CAM-GJ-AHM-006,S.G. Highway CCTV Node #06,Ahmedabad,False,NEW,📷 ANPR Detection: GJ25J7838,"Detected at S.G. Highway CCTV Node #06 (23.0225, 72.5714). Watchlist Hit: False"
anpr-ingest-9ce49e6b,2026-09-01 06:34:07.172992+00:00,INFO,ANPR_DETECTION,GJ25J7838,6,CAM-GJ-AHM-006,S.G. Highway CCTV Node #06,Ahmedabad,False,NEW,📷 ANPR Detection: GJ25J7838,"Detected at S.G. Highway CCTV Node #06 (23.0225, 72.5714). Watchlist Hit: False"
anpr-ingest-4a19668f,2026-09-01 06:34:07.042756+00:00,INFO,ANPR_DETECTION,GJ25J7838,6,CAM-GJ-AHM-006,S.G. Highway CCTV Node #06,Ahmedabad,False,NEW,📷 ANPR Detection: GJ25J7838,"Detected at S.G. Highway CCTV Node #06 (23.0225, 72.5714). Watchlist Hit: False"
anpr-ingest-7535da90,2026-09-01 06:34:06.967522+00:00,INFO,ANPR_DETECTION,GJ25J7838,6,CAM-GJ-AHM-006,S.G. Highway CCTV Node #06,Ahmedabad,False,NEW,📷 ANPR Detection: GJ25J7838,"Detected at S.G. Highway CCTV Node #06 (23.0225, 72.5714). Watchlist Hit: False"
anpr-ingest-8198a6d5,2026-09-01 06:34:06.964935+00:00,INFO,ANPR_DETECTION,GJ25J7838,6,CAM-GJ-AHM-006,S.G. Highway CCTV Node #06,Ahmedabad,False,NEW,📷 ANPR Detection: GJ25J7838,"Detected at S.G. Highway CCTV Node #06 (23.0225, 72.5714). Watchlist Hit: False"
anpr-ingest-aaf0d76e,2026-09-01 06:34:06.964462+00:00,INFO,ANPR_DETECTION,GJ25J7838,6,CAM-GJ-AHM-006,S.G. Highway CCTV Node #06,Ahmedabad,False,NEW,📷 ANPR Detection: GJ25J7838,"Detected at S.G. Highway CCTV Node #06 (23.0225, 72.5714). Watchlist Hit: False"
anpr-ingest-45ead4c7,2026-09-01 06:34:06.963710+00:00,INFO,ANPR_DETECTION,GJ25J7838,6,CAM-GJ-AHM-006,S.G. Highway CCTV Node #06,Ahmedabad,False,NEW,📷 ANPR Detection: GJ25J7838,"Detected at S.G. Highway CCTV Node #06 (23.0225, 72.5714). Watchlist Hit: False"
anpr-ingest-1a169af8,2026-09-01 06:34:06.902103+00:00,INFO,ANPR_DETECTION,GJ25J7838,6,CAM-GJ-AHM-006,S.G. Highway CCTV Node #06,Ahmedabad,False,NEW,📷 ANPR Detection: GJ25J7838,"Detected at S.G. Highway CCTV Node #06 (23.0225, 72.5714). Watchlist Hit: False"
anpr-ingest-aa30452e,2026-09-01 06:34:06.677254+00:00,INFO,ANPR_DETECTION,GJ25J7838,6,CAM-GJ-AHM-006,S.G. Highway CCTV Node #06,Ahmedabad,False,NEW,📷 ANPR Detection: GJ25J7838,"Detected at S.G. Highway CCTV Node #06 (23.0225, 72.5714). Watchlist Hit: False"
anpr-ingest-c4cb870a,2026-09-01 06:34:06.539248+00:00,INFO,ANPR_DETECTION,GJ25J7838,6,CAM-GJ-AHM-006,S.G. Highway CCTV Node #06,Ahmedabad,False,NEW,📷 ANPR Detection: GJ25J7838,"Detected at S.G. Highway CCTV Node #06 (23.0225, 72.5714). Watchlist Hit: False"
anpr-ingest-7e726fd0,2026-09-01 06:34:06.444185+00:00,INFO,ANPR_DETECTION,GJ25J838,6,CAM-GJ-AHM-006,S.G. Highway CCTV Node #06,Ahmedabad,False,NEW,📷 ANPR Detection: GJ25J838,"Detected at S.G. Highway CCTV Node #06 (23.0225, 72.5714). Watchlist Hit: False"
anpr-ingest-158a9568,2026-09-01 06:34:06.444176+00:00,INFO,ANPR_DETECTION,GJ25J7838,6,CAM-GJ-AHM-006,S.G. Highway CCTV Node #06,Ahmedabad,False,NEW,📷 ANPR Detection: GJ25J7838,"Detected at S.G. Highway CCTV Node #06 (23.0225, 72.5714). Watchlist Hit: False"
anpr-ingest-16212b82,2026-09-01 06:34:06.295835+00:00,INFO,ANPR_DETECTION,GJ25J7838,6,CAM-GJ-AHM-006,S.G. Highway CCTV Node #06,Ahmedabad,False,NEW,📷 ANPR Detection: GJ25J7838,"Detected at S.G. Highway CCTV Node #06 (23.0225, 72.5714). Watchlist Hit: False"
anpr-ingest-0fdfb74d,2026-09-01 06:34:06.171207+00:00,INFO,ANPR_DETECTION,GJ25J7838,6,CAM-GJ-AHM-006,S.G. Highway CCTV Node #06,Ahmedabad,False,NEW,📷 ANPR Detection: GJ25J7838,"Detected at S.G. Highway CCTV Node #06 (23.0225, 72.5714). Watchlist Hit: False"
anpr-ingest-c370a45e,2026-09-01 06:34:06.098493+00:00,INFO,ANPR_DETECTION,GJ25J7838,6,CAM-GJ-AHM-006,S.G. Highway CCTV Node #06,Ahmedabad,False,NEW,📷 ANPR Detection: GJ25J7838,"Detected at S.G. Highway CCTV Node #06 (23.0225, 72.5714). Watchlist Hit: False"
anpr-ingest-15cb818f,2026-09-01 06:34:05.921418+00:00,INFO,ANPR_DETECTION,GJ25J7838,6,CAM-GJ-AHM-006,S.G. Highway CCTV Node #06,Ahmedabad,False,NEW,📷 ANPR Detection: GJ25J7838,"Detected at S.G. Highway CCTV Node #06 (23.0225, 72.5714). Watchlist Hit: False"
anpr-ingest-8a78f900,2026-09-01 06:34:05.641435+00:00,INFO,ANPR_DETECTION,GJ25J7838,6,CAM-GJ-AHM-006,S.G. Highway CCTV Node #06,Ahmedabad,False,NEW,📷 ANPR Detection: GJ25J7838,"Detected at S.G. Highway CCTV Node #06 (23.0225, 72.5714). Watchlist Hit: False"
anpr-ingest-5d79f2f4,2026-09-01 06:34:05.566715+00:00,INFO,ANPR_DETECTION,GJ25J7838,6,CAM-GJ-AHM-006,S.G. Highway CCTV Node #06,Ahmedabad,False,NEW,📷 ANPR Detection: GJ25J7838,"Detected at S.G. Highway CCTV Node #06 (23.0225, 72.5714). Watchlist Hit: False"
anpr-ingest-c1617245,2026-09-01 06:34:05.431812+00:00,INFO,ANPR_DETECTION,GJ75J7838,6,CAM-GJ-AHM-006,S.G. Highway CCTV Node #06,Ahmedabad,False,NEW,📷 ANPR Detection: GJ75J7838,"Detected at S.G. Highway CCTV Node #06 (23.0225, 72.5714). Watchlist Hit: False"
anpr-ingest-ed2cbd65,2026-09-01 06:34:05.355744+00:00,INFO,ANPR_DETECTION,GJ25J7838,6,CAM-GJ-AHM-006,S.G. Highway CCTV Node #06,Ahmedabad,False,NEW,📷 ANPR Detection: GJ25J7838,"Detected at S.G. Highway CCTV Node #06 (23.0225, 72.5714). Watchlist Hit: False"
anpr-ingest-89f015ea,2026-09-01 06:34:05.285903+00:00,INFO,ANPR_DETECTION,GJ25J7838,6,CAM-GJ-AHM-006,S.G. Highway CCTV Node #06,Ahmedabad,False,NEW,📷 ANPR Detection: GJ25J7838,"Detected at S.G. Highway CCTV Node #06 (23.0225, 72.5714). Watchlist Hit: False"
anpr-ingest-f92e1974,2026-09-01 06:34:05.137157+00:00,INFO,ANPR_DETECTION,GJ25J7838,6,CAM-GJ-AHM-006,S.G. Highway CCTV Node #06,Ahmedabad,False,NEW,📷 ANPR Detection: GJ25J7838,"Detected at S.G. Highway CCTV Node #06 (23.0225, 72.5714). Watchlist Hit: False"
anpr-ingest-354bae33,2026-09-01 06:34:00.575290+00:00,INFO,ANPR_DETECTION,GJ11CH2,6,CAM-GJ-AHM-006,S.G. Highway CCTV Node #06,Ahmedabad,False,NEW,📷 ANPR Detection: GJ11CH2,"Detected at S.G. Highway CCTV Node #06 (23.0225, 72.5714). Watchlist Hit: False"
anpr-ingest-05d22262,2026-09-01 05:01:51.438874+00:00,CRITICAL,WATCHLIST_MATCH,GJ01STOLEN99,6,CAM-GJ-AHM-006,S.G. Highway CCTV Node #06,Ahmedabad,True,NEW,🚨 WATCHLIST HIT: GJ01STOLEN99,"Detected at S.G. Highway CCTV Node #06 (23.0225, 72.5714). Watchlist Hit: True"
anpr-ingest-5516fe72,2026-09-01 05:00:42.042255+00:00,INFO,ANPR_DETECTION,GJ01CRIME99,7,CAM-GJ-VAD-007,Alkapuri Junction CCTV Node #07,Vadodara,False,NEW,📷 ANPR Detection: GJ01CRIME99,"Detected at Alkapuri Junction CCTV Node #07 (22.3072, 73.1812). Watchlist Hit: False"
anpr-ingest-0a588368,2026-09-01 04:53:39.962088+00:00,INFO,ANPR_DETECTION,GJ01AB1234,6,CAM-GJ-AHM-006,S.G. Highway CCTV Node #06,Ahmedabad,False,NEW,📷 ANPR Detection: GJ01AB1234,"Detected at S.G. Highway CCTV Node #06 (23.0225, 72.5714). Watchlist Hit: False"
anpr-ingest-0cfdaf6e,2026-09-01 04:53:39.959257+00:00,CRITICAL,WATCHLIST_MATCH,GJ01STOLEN9,12,CAM-GJ-SUR-012,Ring Road Express CCTV Node #12,Surat,True,NEW,🚨 WATCHLIST HIT: GJ01STOLEN9,"Detected at Ring Road Express CCTV Node #12 (21.1702, 72.8311). Watchlist Hit: True"
test-off-cffb56,2026-09-01 04:50:05.832350+00:00,HIGH,CAMERA_OFFLINE,,0,CAM-GJ-TEST-002,Test CCTV Node (Surat),Surat,False,NEW,📡 Camera Heartbeat Failure / Signal Loss,Heartbeat timeout > 15 mins. Power or network fault suspected. Test alert from dashboard.
test-wl-5ffd36,2026-09-01 04:50:05.830361+00:00,CRITICAL,WATCHLIST_MATCH,GJ01TEST001,0,CAM-GJ-TEST-001,Test ANPR Camera (Ahmedabad),Ahmedabad,False,NEW,🚨 WATCHLIST HIT: GJ01TEST001,Test watchlist match fired from dashboard. High-confidence ANPR detection on flagged vehicle.
